candidate_id,date,weekday,posted_time,author_id,origin_candidate,origin_category_candidate,dest_candidate,dest_category_candidate,waypoints_candidate,stop_count_candidate,source_file,source_line,raw_text_redacted,review_status,candidate_reason
omit_0001,2024-05-07,화,09:03,u0441,유야,원룸촌,오흡,학교,,2,Talk_2026.9.15 11:45-1.txt,860,9:35 유야>오흡 카풀 톡방 >> 5명시 마감 🙋🏻‍♀️차번호 <VEHICLE> <URL>,human_review_required,2+ known places and route/mode marker
omit_0002,2024-05-07,화,17:08,u0441,오흡,학교,토시래,원룸촌,비벤,3,Talk_2026.9.15 11:45-1.txt,1018,5:20 오흡>비벤>토시래 톡방 >> 6명시 마감 🙋🏻‍♀️차번호 <VEHICLE> <URL>,human_review_required,2+ known places and route/mode marker
omit_0003,2024-05-09,목,11:55,u0441,유야,원룸촌,오흡,학교,,2,Talk_2026.9.15 11:45-1.txt,1585,12:10 유야>오흡 톡방 >> 6명시 마감 🙋🏻‍♀️차번호 <VEHICLE> <URL>,human_review_required,2+ known places and route/mode marker
omit_0004,2024-05-12,일,10:03,u0076,그할마,원룸촌,예성,원룸촌,,2,Talk_2026.9.15 11:45-1.txt,2210,10:45 그할마예성>채플 <PHONE>(2/4),human_review_required,2+ known places and route/mode marker
omit_0005,2024-05-20,월,10:37,u0441,유야,원룸촌,오흡,학교,,2,Talk_2026.9.15 11:45-1.txt,4392,11:00 유야>오흡 카풀 톡방 >> 4명시 마감 🙋🏻‍♀️차번호 <VEHICLE> <URL>,human_review_required,2+ known places and route/mode marker
omit_0006,2024-05-20,월,14:11,u0441,오흡,학교,토시래,원룸촌,비벤,3,Talk_2026.9.15 11:45-1.txt,4455,2:20 오흡>비벤>토시래 카풀 톡방 >> 7명시 마감 🙋🏻‍♀️차번호 <VEHICLE> <URL>,human_review_required,2+ known places and route/mode marker
omit_0007,2024-05-21,화,09:06,u0441,유야,원룸촌,오흡,학교,,2,Talk_2026.9.15 11:45-1.txt,4660,9:35 유야>오흡 카풀 톡방 >> 6명시 마감 🙋🏻‍♀️차번호 <VEHICLE> <URL>,human_review_required,2+ known places and route/mode marker
omit_0008,2024-05-22,수,17:21,u0441,오흡,학교,토시래,원룸촌,비벤,3,Talk_2026.9.15 11:45-1.txt,5073,5:35 오흡>비벤>토시래 톡방 >> 6명시 마감 🙋🏻‍♀️차번호 <VEHICLE> <URL>,human_review_required,2+ known places and route/mode marker
omit_0009,2024-05-24,금,14:15,u1310,한동대,학교,포항역,포항역,,2,Talk_2026.9.15 11:45-1.txt,5745,5/24 18:15 한동 > 포항역 (18:55 기차) <PHONE>,human_review_required,2+ known places and route/mode marker
omit_0010,2024-05-27,월,10:39,u0441,유야,원룸촌,오흡,학교,,2,Talk_2026.9.15 11:45-1.txt,6318,11:00 유야>오흡 카풀 톡방 >> 5명시 마감 🙋🏻‍♀️차번호 <VEHICLE> <URL>,human_review_required,2+ known places and route/mode marker
omit_0011,2024-05-28,화,09:11,u0441,유야,원룸촌,오흡,학교,,2,Talk_2026.9.15 11:45-1.txt,6580,9:35 유야>오흡 카풀 톡방 >> 5명시 마감 🙋🏻‍♀️차번호 <VEHICLE> <URL>,human_review_required,2+ known places and route/mode marker
omit_0012,2024-05-30,목,07:59,u1351,야멍,원룸촌,오석,학교,,2,Talk_2026.9.15 11:45-1.txt,7084,8:40 콘테>야멍>오석 택시 <PHONE>/4,human_review_required,2+ known places and route/mode marker
omit_0013,2024-05-30,목,09:06,u0076,그할마,원룸촌,오흡,학교,예성,3,Talk_2026.9.15 11:45-1.txt,7101,9:40 그할마예성>야공>오흡 <PHONE>,human_review_required,2+ known places and route/mode marker
omit_0014,2024-05-31,금,15:59,u1915,한동대,학교,시외버스터미널,터미널,,2,Talk_2026.9.15 11:45-1.txt,7638,5시 출발 한동 > 시외버스터미널 2/4,human_review_required,2+ known places and route/mode marker
omit_0015,2024-06-03,월,16:26,u0441,오흡,학교,토시래,원룸촌,비벤,3,Talk_2026.9.15 11:45-1.txt,8314,5:20 오흡>비벤>토시래 카풀 톡방 >> 6명시 마감 🙋🏻‍♀️차번호 <VEHICLE> <URL>,human_review_required,2+ known places and route/mode marker
omit_0016,2024-06-04,화,00:49,u0013,오석,학교,그할마,원룸촌,,2,Talk_2026.9.15 11:45-1.txt,8438,1:00 오석-법원-그할마 카풀 톡방 정원 6명입니다 :) 🚙8996 가자 스벤🚙 <URL>,human_review_required,2+ known places and route/mode marker
omit_0017,2024-06-05,수,11:50,u0441,토시래,원룸촌,오흡,학교,,2,Talk_2026.9.15 11:45-1.txt,8894,12:25 토시래>오흡 카풀 톡방 >> 6명시 마감 🙋🏻‍♀️차번호 <VEHICLE> <URL>,human_review_required,2+ known places and route/mode marker
omit_0018,2024-06-05,수,19:09,u1146,오석,학교,그할마,원룸촌,,2,Talk_2026.9.15 11:45-1.txt,9009,오석—그할마 7시30분 택시 <PHONE>,human_review_required,2+ known places and route/mode marker
omit_0019,2024-06-08,토,16:20,u1205,그할마,원룸촌,궁물촌,원룸촌,,2,Talk_2026.9.15 11:45-1.txt,9752,16:35 드롭탑-그할마 택시 (궁물촌하차가능) <PHONE>,human_review_required,2+ known places and route/mode marker
omit_0020,2024-06-10,월,10:29,u0441,유야,원룸촌,오흡,학교,,2,Talk_2026.9.15 11:45-1.txt,10163,11:00 유야>오흡 카풀 톡방 >> 6명시 마감 🙋🏻‍♀️차번호 <VEHICLE> <URL>,human_review_required,2+ known places and route/mode marker
omit_0021,2024-06-10,월,15:27,u0441,오흡,학교,토시래,원룸촌,비벤,3,Talk_2026.9.15 11:45-1.txt,10233,3:50 오흡>비벤>토시래 톡방 >> 6명시 마감 🙋🏻‍♀️차번호 <VEHICLE> <URL>,human_review_required,2+ known places and route/mode marker
omit_0022,2024-06-11,화,08:49,u1146,그할마,원룸촌,느헴,학교,,2,Talk_2026.9.15 11:45-1.txt,10425,9:00 그할마—느헴 택시 <PHONE>,human_review_required,2+ known places and route/mode marker
omit_0023,2024-06-11,화,22:41,u0506,오흡,학교,그할마,원룸촌,,2,Talk_2026.9.15 11:45-1.txt,10619,11시 그레이스-오흡-그할마 카풀 <URL>,human_review_required,2+ known places and route/mode marker
omit_0024,2024-06-13,목,10:26,u0441,유야,원룸촌,오흡,학교,,2,Talk_2026.9.15 11:45-1.txt,11012,11:00 유야>오흡 톡방 >> 6명시 마감 🙋🏻‍♀️차번호 <VEHICLE> <URL>,human_review_required,2+ known places and route/mode marker
omit_0025,2024-06-14,금,11:53,u0441,유야,원룸촌,오흡,학교,,2,Talk_2026.9.15 11:45-1.txt,11365,12:30 유야>오흡 카풀 톡방 >> 6명시 마감 🙋🏻‍♀️차번호 <VEHICLE> <URL>,human_review_required,2+ known places and route/mode marker
omit_0026,2024-06-14,금,18:37,u1512,궁물촌,원룸촌,그할마,원룸촌,,2,Talk_2026.9.15 11:45-1.txt,11504,6시 50분 택시 매점-궁물촌-그할마 <PHONE>,human_review_required,2+ known places and route/mode marker
omit_0027,2024-06-16,일,18:13,u0441,오흡,학교,그할마,원룸촌,비벤,3,Talk_2026.9.15 11:45-1.txt,11763,6:40 오흡>비벤>그할마 톡방 >> 6명시 마감 🙋🏻‍♀️차번호 <VEHICLE> <URL>,human_review_required,2+ known places and route/mode marker
omit_0028,2024-06-17,월,10:35,u0441,유야,원룸촌,오흡,학교,,2,Talk_2026.9.15 11:45-1.txt,11915,11:00 유야>오흡 카풀 톡방 >> 6명시 마감 🙋🏻‍♀️차번호 <VEHICLE> <URL>,human_review_required,2+ known places and route/mode marker
omit_0029,2024-06-17,월,15:22,u0441,오흡,학교,토시래,원룸촌,비벤,3,Talk_2026.9.15 11:45-1.txt,11987,3:45 오흡>비벤>토시래 톡방 >> 6명시 마감 <URL>,human_review_required,2+ known places and route/mode marker
omit_0030,2024-06-18,화,09:06,u0441,유야,원룸촌,오흡,학교,,2,Talk_2026.9.15 11:45-1.txt,12150,9:30 유야>오흡 카풀 톡방 >> 6명시 마감 🙋🏻‍♀️차번호 <VEHICLE> <URL>,human_review_required,2+ known places and route/mode marker
omit_0031,2024-06-18,화,19:33,u0076,그할마,원룸촌,언어교육원,학교,,2,Talk_2026.9.15 11:45-1.txt,12276,여름 계절학기 택시같이 타실 분 2명 구합니다 월-금 12:45분 오후분반! 그할마>언어교육원앞 하차 <PHONE>,human_review_required,2+ known places and route/mode marker
omit_0032,2024-06-21,금,07:45,u1351,야멍,원룸촌,오석,학교,,2,Talk_2026.9.15 11:45-1.txt,12912,8:40 콘테>야멍>오석 <PHONE>/4,human_review_required,2+ known places and route/mode marker
omit_0033,2024-06-22,토,17:41,u0257,택정,학교,포항역,포항역,,2,Talk_2026.9.15 11:45-1.txt,13351,6/23(주일) 10:05 (10:40 기차) 🚖택정 ➡️ 포항역 택시 (2/4) 캐리어 하나 있습니다 <PHONE>,human_review_required,2+ known places and route/mode marker
omit_0034,2024-06-24,월,11:52,u0199,포항역,포항역,학교,학교,,2,Talk_2026.9.15 11:45-1.txt,13615,12:00 포항역>유아>학교 <PHONE>,human_review_required,2+ known places and route/mode marker
omit_0035,2024-06-28,금,10:27,u1944,유야,원룸촌,한동대,학교,,2,Talk_2026.9.15 11:45-1.txt,14281,10:35 유야 - 한동 (1/4) <PHONE> 택시,human_review_required,2+ known places and route/mode marker
omit_0036,2024-07-03,수,20:29,u0952,예성,원룸촌,언어교육원,학교,,2,Talk_2026.9.15 11:45-1.txt,14934,8:40 예성➡️언어교육원 카풀 <URL>,human_review_required,2+ known places and route/mode marker
omit_0037,2024-07-04,목,07:41,u0952,예성,원룸촌,언어교육원,학교,,2,Talk_2026.9.15 11:45-1.txt,14952,8:40 예성➡️언어교육원 카풀 <URL>,human_review_required,2+ known places and route/mode marker
omit_0038,2024-07-08,월,08:00,u0952,예성,원룸촌,언어교육원,학교,,2,Talk_2026.9.15 11:45-1.txt,15442,8:40 예성➡️언어교육원 카풀 <URL>,human_review_required,2+ known places and route/mode marker
omit_0039,2024-07-09,화,07:59,u0952,예성,원룸촌,언어교육원,학교,,2,Talk_2026.9.15 11:45-1.txt,15615,8:40 예성➡️언어교육원 카풀 <URL>,human_review_required,2+ known places and route/mode marker
omit_0040,2024-07-10,수,08:06,u0952,예성,원룸촌,언어교육원,학교,,2,Talk_2026.9.15 11:45-1.txt,15787,8:40 예성➡️언어교육원 카풀 <URL>,human_review_required,2+ known places and route/mode marker
omit_0041,2024-07-11,목,08:00,u0952,예성,원룸촌,언어교육원,학교,,2,Talk_2026.9.15 11:45-1.txt,15926,8:40 예성➡️언어교육원 카풀 <URL>,human_review_required,2+ known places and route/mode marker
omit_0042,2024-07-12,금,10:28,u1561,학교,학교,양덕,원룸촌,,2,Talk_2026.9.15 11:45-1.txt,16156,다음주 금요일 7/19(금) 19:30 카풀 학교(양덕)—> 대구 신세계백화점 앞 8000 <PHONE>,human_review_required,2+ known places and route/mode marker
omit_0043,2024-07-15,월,14:04,u0413,한동대,학교,포항역,포항역,,2,Talk_2026.9.15 11:45-1.txt,16557,오늘 (15일) 한동 > 포항역 17시 30분 (18:00 기차) <URL>,human_review_required,2+ known places and route/mode marker
omit_0044,2024-07-16,화,13:17,u0413,포항역,포항역,한동대,학교,,2,Talk_2026.9.15 11:45-1.txt,16686,내일 (17일 수요일) 포항역 > 한동 15시 35분 (15:28 도착KTX) <URL>,human_review_required,2+ known places and route/mode marker
omit_0045,2024-07-16,화,21:49,u1794,오흡,학교,유야,원룸촌,그할마,3,Talk_2026.9.15 11:45-1.txt,16737,22:30 오흡-그할마-유야-세차장 (중간하차가능) 카카오톡 오픈채팅을 시작해 보세요. 링크를 선택하면 카카오톡이 실행됩니다. 🚗 / ➡ 집 <URL>,human_review_required,2+ known places and route/mode marker
omit_0046,2024-07-17,수,09:37,u1561,학교,학교,양덕,원룸촌,,2,Talk_2026.9.15 11:45-1.txt,16787,7/19(금) 19:30 카풀 학교(양덕)—> 대구 신세계백화점 앞 8000 <PHONE>,human_review_required,2+ known places and route/mode marker
omit_0047,2024-07-17,수,10:38,u0413,포항역,포항역,한동대,학교,,2,Talk_2026.9.15 11:45-1.txt,16797,내일 (17일 수요일) 포항역 > 한동 15시 35분 (15:28 도착KTX) <URL>,human_review_required,2+ known places and route/mode marker
omit_0048,2024-07-18,목,20:56,u1561,학교,학교,양덕,원룸촌,,2,Talk_2026.9.15 11:45-1.txt,16972,내일 (7/19 금) 19:30 카풀 학교(양덕)—> 대구 신세계백화점 앞 8000 <PHONE>,human_review_required,2+ known places and route/mode marker
omit_0049,2024-08-02,금,08:12,u2094,유야,원룸촌,오흡,학교,,2,Talk_2026.9.15 11:45-1.txt,18243,08:30유야 - 매점 - 오흡 (정원 5명) 9196 카풀 <URL>,human_review_required,2+ known places and route/mode marker
omit_0050,2024-08-30,금,10:13,u0952,예성,원룸촌,오흡,학교,,2,Talk_2026.9.15 11:45-1.txt,22389,11:00 예성➡️오흡 카풀 <URL>,human_review_required,2+ known places and route/mode marker
omit_0051,2024-09-01,일,10:31,u1854,유야,원룸촌,오흡,학교,,2,Talk_2026.9.15 11:45-1.txt,22886,11:00 유야>채플>오흡 카카오톡 오픈채팅을 시작해 보세요. 링크를 선택하면 카카오톡이 실행됩니다. 카풀방 <URL>,human_review_required,2+ known places and route/mode marker
omit_0052,2024-09-02,월,10:35,u0952,예성,원룸촌,오흡,학교,,2,Talk_2026.9.15 11:45-1.txt,23263,11:00 예성➡️오흡 카풀 <URL>,human_review_required,2+ known places and route/mode marker
omit_0053,2024-09-03,화,12:08,u0952,예성,원룸촌,언어교육원,학교,,2,Talk_2026.9.15 11:45-1.txt,23702,12:35 예성➡️언어교육원 카풀 <URL>,human_review_required,2+ known places and route/mode marker
omit_0054,2024-09-04,수,21:08,u0110,한동대,학교,포항역,포항역,,2,Talk_2026.9.15 11:45-1.txt,24245,내일 19:00 한동>포항역 <PHONE>,human_review_required,2+ known places and route/mode marker
omit_0055,2024-09-05,목,10:18,u0952,예성,원룸촌,오흡,학교,,2,Talk_2026.9.15 11:45-1.txt,24442,11:00 예성➡️오흡 카풀 <URL>,human_review_required,2+ known places and route/mode marker
omit_0056,2024-09-05,목,11:54,u0125,오흡,학교,그할마,원룸촌,비벤;궁물촌,4,Talk_2026.9.15 11:45-1.txt,24520,13:00 오흡>비벤>궁물촌>그할마>장량복지센터 카풀방 <URL>,human_review_required,2+ known places and route/mode marker
omit_0057,2024-09-06,금,11:59,u0952,예성,원룸촌,언어교육원,학교,,2,Talk_2026.9.15 11:45-1.txt,25124,12:35 예성➡️언어교육원 카풀 <URL>,human_review_required,2+ known places and route/mode marker
omit_0058,2024-09-06,금,14:16,u0125,오흡,학교,그할마,원룸촌,비벤;궁물촌,4,Talk_2026.9.15 11:45-1.txt,25176,14:30 오흡>비벤>궁물촌>그할마>장량복지센터 카풀방 <URL>,human_review_required,2+ known places and route/mode marker
omit_0059,2024-09-06,금,19:00,u0125,오흡,학교,그할마,원룸촌,비벤;궁물촌,4,Talk_2026.9.15 11:45-1.txt,25292,19:15 오흡>비벤>궁물촌>그할마>장량복지센터 카풀방 <URL>,human_review_required,2+ known places and route/mode marker
omit_0060,2024-09-09,월,00:29,u0722,느헴,학교,궁물촌,원룸촌,,2,Talk_2026.9.15 11:45-1.txt,25751,9.9 12:40 택시 느헤미야 > 궁물촌 2/4 <PHONE>,human_review_required,2+ known places and route/mode marker
omit_0061,2024-09-09,월,10:27,u0952,예성,원룸촌,오흡,학교,,2,Talk_2026.9.15 11:45-1.txt,25929,11:00 예성➡️오흡 카풀 <URL>,human_review_required,2+ known places and route/mode marker
omit_0062,2024-09-09,월,16:53,u0125,오흡,학교,그할마,원룸촌,비벤;궁물촌,4,Talk_2026.9.15 11:45-1.txt,26042,5:30 오흡>비벤>궁물촌>그할마>장량복지센터 3명만 카풀할께요! 카풀방 <URL>,human_review_required,2+ known places and route/mode marker
omit_0063,2024-09-10,화,12:03,u0952,예성,원룸촌,언어교육원,학교,,2,Talk_2026.9.15 11:45-1.txt,26422,12:35 예성➡️언어교육원 카풀 <URL>,human_review_required,2+ known places and route/mode marker
omit_0064,2024-09-10,화,21:49,u0125,오흡,학교,그할마,원룸촌,비벤;궁물촌,4,Talk_2026.9.15 11:45-1.txt,26653,22:00 오흡>비벤>궁물촌>그할마>장량복지센터 카풀방 <URL>,human_review_required,2+ known places and route/mode marker
omit_0065,2024-09-11,수,16:42,u1914,토시래,원룸촌,맛깨비,원룸촌,,2,Talk_2026.9.15 11:45-1.txt,26966,17: 15 구 토시래 (맛깨비) > 채플 택시 <PHONE>,human_review_required,2+ known places and route/mode marker
omit_0066,2024-09-11,수,22:06,u0125,오흡,학교,그할마,원룸촌,비벤;궁물촌,4,Talk_2026.9.15 11:45-1.txt,27091,22:30 오흡>비벤>궁물촌>그할마>장량복지센터 카풀방 <URL>,human_review_required,2+ known places and route/mode marker
omit_0067,2024-09-12,목,10:22,u0952,예성,원룸촌,오흡,학교,,2,Talk_2026.9.15 11:45-1.txt,27371,11:00 예성➡️오흡 카풀 <URL>,human_review_required,2+ known places and route/mode marker
omit_0068,2024-09-12,목,16:18,u0125,오흡,학교,그할마,원룸촌,비벤;궁물촌,4,Talk_2026.9.15 11:45-1.txt,27678,17:20 오흡>비벤>궁물촌>그할마>장량복지센터 카풀방 <URL>,human_review_required,2+ known places and route/mode marker
omit_0069,2024-09-12,목,17:38,u0110,한동대,학교,포항터미널,터미널,,2,Talk_2026.9.15 11:45-1.txt,27798,내일(금) 오전 6:40 한동>포항터미널 <PHONE> (2/4),human_review_required,2+ known places and route/mode marker
omit_0070,2024-09-12,목,21:14,u0952,오흡,학교,예성,원룸촌,,2,Talk_2026.9.15 11:45-1.txt,27947,21:20 오흡➡️예성 (중간 하차 가능) 카풀 <URL>,human_review_required,2+ known places and route/mode marker
omit_0071,2024-09-13,금,17:11,u0125,오흡,학교,그할마,원룸촌,비벤;궁물촌,4,Talk_2026.9.15 11:45-1.txt,28685,17:20 오흡>비벤>궁물촌>그할마>장량복지센터 카풀방 <URL>,human_review_required,2+ known places and route/mode marker
omit_0072,2024-09-18,수,13:09,u0590,포항역,포항역,한동대,학교,,2,Talk_2026.9.15 11:45-1.txt,29617,9/18 수 포항역 > 한동 14:59 도착 기차 <PHONE>/4,human_review_required,2+ known places and route/mode marker
omit_0073,2024-09-19,목,21:12,u0125,오흡,학교,그할마,원룸촌,비벤;궁물촌,4,Talk_2026.9.15 11:45-2.txt,696,21:30 오흡>비벤>궁물촌>그할마>장량복지센터 카풀방 <URL>,human_review_required,2+ known places and route/mode marker
omit_0074,2024-09-20,금,20:32,u0125,오흡,학교,그할마,원룸촌,비벤;궁물촌,4,Talk_2026.9.15 11:45-2.txt,1202,20:45 오흡>비벤>궁물촌>그할마>장량복지센터 카풀방 <URL>,human_review_required,2+ known places and route/mode marker
omit_0075,2024-09-24,화,18:35,u0125,오흡,학교,그할마,원룸촌,비벤;궁물촌,4,Talk_2026.9.15 11:45-2.txt,2308,19:45 오흡>비벤>궁물촌>그할마>장량복지센터 카풀방 <URL>,human_review_required,2+ known places and route/mode marker
omit_0076,2024-09-25,수,14:56,u1854,그할마,원룸촌,오흡,학교,,2,Talk_2026.9.15 11:45-2.txt,2581,15:20 그할마>채플>오흡 카카오톡 오픈채팅을 시작해 보세요. 링크를 선택하면 카카오톡이 실행됩니다. 카풀방 <URL>,human_review_required,2+ known places and route/mode marker
omit_0077,2024-09-25,수,21:48,u0125,오흡,학교,그할마,원룸촌,비벤;궁물촌,4,Talk_2026.9.15 11:45-2.txt,2684,22:30 오흡>비벤>궁물촌>그할마>장량복지센터 카풀방 <URL>,human_review_required,2+ known places and route/mode marker
omit_0078,2024-09-27,금,01:37,u0125,오흡,학교,그할마,원룸촌,비벤;궁물촌,4,Talk_2026.9.15 11:45-2.txt,3179,1:45 오흡>비벤>궁물촌>그할마>장량복지센터 카풀방 <URL>,human_review_required,2+ known places and route/mode marker
omit_0079,2024-09-27,금,13:22,u1310,한동대,학교,포항역,포항역,,2,Talk_2026.9.15 11:45-2.txt,3368,금 15:00 (15:37 기차) 한동>포항역 <PHONE>,human_review_required,2+ known places and route/mode marker
omit_0080,2024-09-27,금,21:52,u0125,오흡,학교,그할마,원룸촌,비벤;궁물촌,4,Talk_2026.9.15 11:45-2.txt,3498,22:30 오흡>비벤>궁물촌>그할마>장량복지센터 카풀방 <URL>,human_review_required,2+ known places and route/mode marker
omit_0081,2024-09-28,토,17:30,u0125,오흡,학교,그할마,원룸촌,비벤;궁물촌,4,Talk_2026.9.15 11:45-2.txt,3642,17:45 오흡>비벤>궁물촌>그할마>장량복지센터 카풀방 <URL>,human_review_required,2+ known places and route/mode marker
omit_0082,2024-09-29,일,18:36,u0125,오흡,학교,그할마,원룸촌,비벤;궁물촌,4,Talk_2026.9.15 11:45-2.txt,3789,18:45 오흡>비벤>궁물촌>그할마>장량복지센터 카풀방 <URL>,human_review_required,2+ known places and route/mode marker
omit_0083,2024-09-30,월,17:04,u0125,오흡,학교,그할마,원룸촌,비벤;궁물촌,4,Talk_2026.9.15 11:45-2.txt,4194,17:20 오흡>비벤>궁물촌>그할마>장량복지센터 카풀방 <URL>,human_review_required,2+ known places and route/mode marker
omit_0084,2024-10-01,화,17:38,u0125,오흡,학교,그할마,원룸촌,비벤;궁물촌,4,Talk_2026.9.15 11:45-2.txt,4463,17:50 오흡>비벤>궁물촌>그할마>장량복지센터 카풀방 <URL>,human_review_required,2+ known places and route/mode marker
omit_0085,2024-10-02,수,13:33,u1854,그할마,원룸촌,오흡,학교,,2,Talk_2026.9.15 11:45-2.txt,4697,14:05 그할마>채플>오흡 카카오톡 오픈채팅을 시작해 보세요. 링크를 선택하면 카카오톡이 실행됩니다. 카풀방 <URL>,human_review_required,2+ known places and route/mode marker
omit_0086,2024-10-02,수,19:09,u0125,오흡,학교,그할마,원룸촌,비벤;궁물촌,4,Talk_2026.9.15 11:45-2.txt,4822,19:30 오흡>비벤>궁물촌>그할마>장량복지센터 카풀방 <URL>,human_review_required,2+ known places and route/mode marker
omit_0087,2024-10-03,목,21:48,u0125,오흡,학교,그할마,원룸촌,비벤;궁물촌,4,Talk_2026.9.15 11:45-2.txt,5055,22:20 오흡>비벤>궁물촌>그할마>장량복지센터 카풀방 <URL>,human_review_required,2+ known places and route/mode marker
omit_0088,2024-10-03,목,22:58,u0125,오흡,학교,그할마,원룸촌,비벤;궁물촌,4,Talk_2026.9.15 11:45-2.txt,5075,11:10 오흡>비벤>궁물촌>그할마>장량복지센터 카풀방 <URL>,human_review_required,2+ known places and route/mode marker
omit_0089,2024-10-04,금,22:53,u0125,오흡,학교,그할마,원룸촌,비벤;궁물촌,4,Talk_2026.9.15 11:45-2.txt,5528,23:40 오흡>비벤>궁물촌>그할마>장량복지센터 카풀방 <URL>,human_review_required,2+ known places and route/mode marker
omit_0090,2024-10-05,토,00:13,u2094,오흡,학교,유야,원룸촌,비벤,3,Talk_2026.9.15 11:45-2.txt,5573,00:30 오흡-비벤-그할나-유야 (정원 6명마감) 9196 카풀 <URL>,human_review_required,2+ known places and route/mode marker
omit_0091,2024-10-06,일,00:10,u0125,오흡,학교,그할마,원룸촌,비벤;궁물촌,4,Talk_2026.9.15 11:45-2.txt,5781,00:20 오흡>비벤>궁물촌>그할마>장량복지센터 카풀방 <URL>,human_review_required,2+ known places and route/mode marker
omit_0092,2024-10-06,일,22:25,u0125,오흡,학교,그할마,원룸촌,비벤;궁물촌,4,Talk_2026.9.15 11:45-2.txt,6002,23:00 오흡>비벤>궁물촌>그할마>장량복지센터 카풀방 <URL>,human_review_required,2+ known places and route/mode marker
omit_0093,2024-10-08,화,00:18,u0125,오흡,학교,그할마,원룸촌,비벤;궁물촌,4,Talk_2026.9.15 11:45-2.txt,6378,00:25 오흡>비벤>궁물촌>그할마>장량복지센터 카풀방 <URL>,human_review_required,2+ known places and route/mode marker
omit_0094,2024-10-08,화,22:41,u0125,오흡,학교,그할마,원룸촌,비벤;궁물촌,4,Talk_2026.9.15 11:45-2.txt,6740,22:00 오흡>비벤>궁물촌>그할마>장량복지센터 카풀방 <URL>,human_review_required,2+ known places and route/mode marker
omit_0095,2024-10-11,금,00:18,u0125,오흡,학교,그할마,원룸촌,비벤;궁물촌,4,Talk_2026.9.15 11:45-2.txt,7381,00:30 오흡>비벤>궁물촌>그할마>장량복지센터 카풀방 <URL>,human_review_required,2+ known places and route/mode marker
omit_0096,2024-10-11,금,23:33,u0125,오흡,학교,그할마,원룸촌,비벤;궁물촌,4,Talk_2026.9.15 11:45-2.txt,7791,23:50 오흡>비벤>궁물촌>그할마>장량복지센터 카풀방 <URL>,human_review_required,2+ known places and route/mode marker
omit_0097,2024-10-14,월,21:55,u1612,느헴,학교,그할마,원룸촌,오흡;비벤,4,Talk_2026.9.15 11:45-2.txt,8583,모이는대로 느헴-오흡-비벤-토시랙-그할마 카풀 톡방인원 6명 마감 2명이상 출발 jUBER🚗 <URL>,human_review_required,2+ known places and route/mode marker
omit_0098,2024-10-14,월,22:24,u0125,오흡,학교,그할마,원룸촌,비벤;궁물촌,4,Talk_2026.9.15 11:45-2.txt,8597,22:40 오흡>비벤>궁물촌>그할마>장량복지센터 카풀방 <URL>,human_review_required,2+ known places and route/mode marker
omit_0099,2024-10-15,화,21:46,u0125,오흡,학교,그할마,원룸촌,비벤;궁물촌,4,Talk_2026.9.15 11:45-2.txt,8919,22:00 오흡>비벤>궁물촌>그할마>장량복지센터 카풀방 <URL>,human_review_required,2+ known places and route/mode marker
omit_0100,2024-10-17,목,01:40,u0125,오흡,학교,그할마,원룸촌,비벤;궁물촌,4,Talk_2026.9.15 11:45-2.txt,9343,2:00 오흡>비벤>궁물촌>그할마>장량복지센터 카풀방 <URL>,human_review_required,2+ known places and route/mode marker
omit_0101,2024-10-18,금,02:59,u0125,오흡,학교,그할마,원룸촌,비벤;궁물촌,4,Talk_2026.9.15 11:45-2.txt,9787,3:10 오흡>비벤>궁물촌>그할마>장량복지센터 카풀방 <URL>,human_review_required,2+ known places and route/mode marker
omit_0102,2024-10-18,금,20:48,u0125,오흡,학교,그할마,원룸촌,비벤;궁물촌,4,Talk_2026.9.15 11:45-2.txt,10196,21:05 오흡>비벤>궁물촌>그할마>장량복지센터 카풀방 <URL>,human_review_required,2+ known places and route/mode marker
omit_0103,2024-10-20,일,22:05,u0125,오흡,학교,그할마,원룸촌,비벤;궁물촌,4,Talk_2026.9.15 11:45-2.txt,10557,22:15 오흡>비벤>궁물촌>그할마>장량복지센터 카풀방 <URL>,human_review_required,2+ known places and route/mode marker
omit_0104,2024-10-22,화,00:04,u0125,오흡,학교,그할마,원룸촌,비벤;궁물촌,4,Talk_2026.9.15 11:45-2.txt,10987,00:15 오흡>비벤>궁물촌>그할마>장량복지센터 카풀방 <URL>,human_review_required,2+ known places and route/mode marker
omit_0105,2024-10-22,화,18:39,u0125,오흡,학교,그할마,원룸촌,비벤;궁물촌,4,Talk_2026.9.15 11:45-2.txt,11258,18:50 오흡>비벤>궁물촌>그할마>장량복지센터 카풀방 <URL>,human_review_required,2+ known places and route/mode marker
omit_0106,2024-10-23,수,09:11,u1914,토시래,원룸촌,맛깨비,원룸촌,,2,Talk_2026.9.15 11:45-2.txt,11396,9:42 구 토시래(맛깨비) > 느혬 택시 중간 승차 가능 <PHONE>,human_review_required,2+ known places and route/mode marker
omit_0107,2024-10-24,목,00:41,u0125,오흡,학교,그할마,원룸촌,비벤;궁물촌,4,Talk_2026.9.15 11:45-2.txt,11623,00:55 정원 7까지 오흡>비벤>궁물촌>그할마>장량복지센터 카풀방 <URL>,human_review_required,2+ known places and route/mode marker
omit_0108,2024-10-24,목,11:09,u0125,오흡,학교,그할마,원룸촌,비벤;궁물촌,4,Talk_2026.9.15 11:45-2.txt,11678,13:00 오흡>비벤>궁물촌>그할마>장량복지센터 카풀방 <URL>,human_review_required,2+ known places and route/mode marker
omit_0109,2024-10-25,금,01:14,u0125,오흡,학교,그할마,원룸촌,비벤;궁물촌,4,Talk_2026.9.15 11:45-2.txt,12002,01:30 정원 7까지입니다! 오흡>비벤>궁물촌>그할마>장량복지센터 카풀방 <URL>,human_review_required,2+ known places and route/mode marker
omit_0110,2024-10-28,월,00:00,u0125,오흡,학교,그할마,원룸촌,비벤;궁물촌,4,Talk_2026.9.15 11:45-2.txt,12752,00: 20 정원 7명 오흡>비벤>궁물촌>그할마>장량복지센터 카풀방 <URL>,human_review_required,2+ known places and route/mode marker
omit_0111,2024-10-29,화,01:38,u0125,오흡,학교,그할마,원룸촌,비벤;궁물촌,4,Talk_2026.9.15 11:45-2.txt,13189,02:00 오흡>비벤>궁물촌>그할마>장량복지센터 카풀방 <URL>,human_review_required,2+ known places and route/mode marker
omit_0112,2024-10-31,목,18:14,u1190,포항역,포항역,한동대,학교,,2,Talk_2026.9.15 11:45-2.txt,14186,🚨오늘 18:50🚨 포항역▶️한동대 택시타실 분 <PHONE> 연락주세요 !🙌🏻,human_review_required,2+ known places and route/mode marker
omit_0113,2024-11-03,일,01:42,u0125,오흡,학교,그할마,원룸촌,비벤;궁물촌,4,Talk_2026.9.15 11:45-2.txt,14875,01:50 오흡>비벤>궁물촌>그할마>장량복지센터 카풀방 <URL>,human_review_required,2+ known places and route/mode marker
omit_0114,2024-11-04,월,01:12,u0125,오흡,학교,그할마,원룸촌,비벤;궁물촌,4,Talk_2026.9.15 11:45-2.txt,15133,01:30 정원 7명까지 오흡>비벤>궁물촌>그할마>장량복지센터 카풀방 <URL>,human_review_required,2+ known places and route/mode marker
omit_0115,2024-11-04,월,22:57,u0125,오흡,학교,그할마,원룸촌,비벤;궁물촌,4,Talk_2026.9.15 11:45-2.txt,15494,23:15 정원 7까지 오흡>비벤>궁물촌>그할마>장량복지센터 카풀방 <URL>,human_review_required,2+ known places and route/mode marker
omit_0116,2024-11-06,수,01:40,u0125,오흡,학교,그할마,원룸촌,비벤;궁물촌,4,Talk_2026.9.15 11:45-2.txt,15883,02:00 정원 7명 오흡>비벤>궁물촌>그할마>장량복지센터 카풀방 <URL>,human_review_required,2+ known places and route/mode marker
omit_0117,2024-11-07,목,02:38,u0125,오흡,학교,그할마,원룸촌,비벤;궁물촌,4,Talk_2026.9.15 11:45-2.txt,16163,02:45 오흡>비벤>궁물촌>그할마>장량복지센터 정원 7명 카풀방 <URL>,human_review_required,2+ known places and route/mode marker
omit_0118,2024-11-08,금,01:07,u0125,오흡,학교,그할마,원룸촌,비벤;궁물촌,4,Talk_2026.9.15 11:45-2.txt,16559,01:30 정원 7명 오흡>비벤>궁물촌>그할마>장량복지센터 카풀방 <URL>,human_review_required,2+ known places and route/mode marker
omit_0119,2024-11-09,토,01:07,u0125,오흡,학교,그할마,원룸촌,비벤;궁물촌,4,Talk_2026.9.15 11:45-2.txt,16888,01:20 오흡>비벤>궁물촌>그할마>장량복지센터 정원 7명 카풀방 <URL>,human_review_required,2+ known places and route/mode marker
omit_0120,2024-11-10,일,01:23,u0125,오흡,학교,그할마,원룸촌,비벤;궁물촌,4,Talk_2026.9.15 11:45-2.txt,17084,02:00 오흡>비벤>궁물촌>그할마>장량복지센터 정원6명 카풀방 <URL>,human_review_required,2+ known places and route/mode marker
omit_0121,2024-11-11,월,00:34,u0125,오흡,학교,그할마,원룸촌,비벤;궁물촌,4,Talk_2026.9.15 11:45-2.txt,17220,00:50 정원 7명 오흡>비벤>궁물촌>그할마>장량복지센터 카풀방 <URL>,human_review_required,2+ known places and route/mode marker
omit_0122,2024-11-11,월,23:18,u1612,오흡,학교,유야,원룸촌,,2,Talk_2026.9.15 11:45-2.txt,17541,모이는대로 - 오흡-유야 카풀 톡방인원 7명 마감 jUBER🚗 <URL>,human_review_required,2+ known places and route/mode marker
omit_0123,2024-11-12,화,01:07,u0125,오흡,학교,그할마,원룸촌,비벤;궁물촌,4,Talk_2026.9.15 11:45-2.txt,17580,01:30 정원7명 오흡>비벤>궁물촌>그할마>장량복지센터 카풀방 <URL>,human_review_required,2+ known places and route/mode marker
omit_0124,2024-11-12,화,20:49,u0125,오흡,학교,그할마,원룸촌,비벤;궁물촌,4,Talk_2026.9.15 11:45-2.txt,17821,21:00 정원 7명 오흡>비벤>궁물촌>그할마>장량복지센터 카풀방 <URL>,human_review_required,2+ known places and route/mode marker
omit_0125,2024-11-13,수,22:23,u0125,오흡,학교,그할마,원룸촌,비벤;궁물촌,4,Talk_2026.9.15 11:45-2.txt,18117,23:10 정원 7명 오흡>비벤>궁물촌>그할마>장량복지센터 카풀방 <URL>,human_review_required,2+ known places and route/mode marker
omit_0126,2024-11-14,목,22:39,u0125,오흡,학교,그할마,원룸촌,비벤;궁물촌,4,Talk_2026.9.15 11:45-2.txt,18493,22:50 정원 7명 오흡>비벤>궁물촌>그할마>장량복지센터 카풀방 <URL>,human_review_required,2+ known places and route/mode marker
omit_0127,2024-11-15,금,22:28,u0125,오흡,학교,그할마,원룸촌,비벤;궁물촌,4,Talk_2026.9.15 11:45-2.txt,18879,23:00 정원 6명 오흡>비벤>궁물촌>그할마>장량복지센터 카풀방 <URL>,human_review_required,2+ known places and route/mode marker
omit_0128,2024-11-18,월,15:26,u1982,유야,원룸촌,느헴,학교,,2,Talk_2026.9.15 11:45-2.txt,19502,3:40유야 느헴 택시 <PHONE>,human_review_required,2+ known places and route/mode marker
omit_0129,2024-11-19,화,18:49,u0125,오흡,학교,그할마,원룸촌,비벤;궁물촌,4,Talk_2026.9.15 11:45-2.txt,19968,19:20 정원 7명 오흡>비벤>궁물촌>그할마>장량복지센터 카풀방 <URL>,human_review_required,2+ known places and route/mode marker
omit_0130,2024-11-22,금,02:18,u1819,택정,학교,궁물촌,원룸촌,,2,Talk_2026.9.15 11:45-2.txt,20707,모이는대로 택시 택정➡️궁물촌 <PHONE>/4,human_review_required,2+ known places and route/mode marker
omit_0131,2024-11-22,금,22:38,u0125,오흡,학교,그할마,원룸촌,비벤;궁물촌,4,Talk_2026.9.15 11:45-2.txt,20947,23:00 정원 6명 오흡>비벤>궁물촌>그할마>장량복지센터 카풀방 <URL>,human_review_required,2+ known places and route/mode marker
omit_0132,2024-11-24,일,23:18,u0125,오흡,학교,그할마,원룸촌,비벤;궁물촌,4,Talk_2026.9.15 11:45-2.txt,21344,00:00 정원 7명 오흡>비벤>궁물촌>그할마>장량복지센터 카풀방 <URL>,human_review_required,2+ known places and route/mode marker
omit_0133,2024-11-26,화,00:21,u0125,오흡,학교,그할마,원룸촌,비벤;궁물촌,4,Talk_2026.9.15 11:45-2.txt,21703,01:00 정원 7명 오흡>비벤>궁물촌>그할마>장량복지센터 카풀방 <URL>,human_review_required,2+ known places and route/mode marker
omit_0134,2024-11-26,화,02:00,u1819,택정,학교,궁물촌,원룸촌,,2,Talk_2026.9.15 11:45-2.txt,21742,모이는대로 택시 택정➡️궁물촌 <PHONE>/4,human_review_required,2+ known places and route/mode marker
omit_0135,2024-11-26,화,22:15,u0125,오흡,학교,그할마,원룸촌,비벤;궁물촌,4,Talk_2026.9.15 11:45-2.txt,21970,22:30 정원7명 오흡>비벤>궁물촌>그할마>장량복지센터 카풀방 <URL>,human_review_required,2+ known places and route/mode marker
omit_0136,2024-11-28,목,01:17,u0125,오흡,학교,그할마,원룸촌,비벤;궁물촌,4,Talk_2026.9.15 11:45-2.txt,22333,01:30 정원 7명 오흡>비벤>궁물촌>그할마>장량복지센터 카풀방 <URL>,human_review_required,2+ known places and route/mode marker
omit_0137,2024-11-29,금,13:51,u1535,느헴,학교,포항역,포항역,,2,Talk_2026.9.15 11:45-2.txt,22958,3시 50분(4시 21분 기차) 느헤미야 > 포항역 <PHONE>,human_review_required,2+ known places and route/mode marker
omit_0138,2024-11-30,토,00:46,u0125,오흡,학교,그할마,원룸촌,비벤;궁물촌,4,Talk_2026.9.15 11:45-2.txt,23076,01:00 오흡>비벤>궁물촌>그할마>장량복지센터 카풀방 <URL>,human_review_required,2+ known places and route/mode marker
omit_0139,2024-12-01,일,00:01,u0125,오흡,학교,그할마,원룸촌,비벤;궁물촌,4,Talk_2026.9.15 11:45-2.txt,23187,00:15 오흡>비벤>궁물촌>그할마>장량복지센터 카카오톡 오픈채팅을 시작해 보세요. 링크를 선택하면 카카오톡이 실행됩니다. 카풀방 <URL>,human_review_required,2+ known places and route/mode marker
omit_0140,2024-12-02,월,00:36,u0125,오흡,학교,그할마,원룸촌,비벤;궁물촌,4,Talk_2026.9.15 11:45-2.txt,23383,00:50 오흡>비벤>궁물촌>그할마>장량복지센터 카풀방 <URL>,human_review_required,2+ known places and route/mode marker
omit_0141,2024-12-03,화,00:29,u0125,오흡,학교,그할마,원룸촌,비벤;궁물촌,4,Talk_2026.9.15 11:45-2.txt,23746,01:00 오흡>비벤>궁물촌>그할마>장량복지센터 카풀방 <URL>,human_review_required,2+ known places and route/mode marker
omit_0142,2024-12-04,수,01:54,u0125,오흡,학교,그할마,원룸촌,비벤;궁물촌,4,Talk_2026.9.15 11:45-2.txt,24074,2:05 카풀 오흡>비벤>궁물촌>그할마>장량복지센터 카풀방 <URL>,human_review_required,2+ known places and route/mode marker
omit_0143,2024-12-05,목,03:50,u0125,오흡,학교,그할마,원룸촌,비벤;궁물촌,4,Talk_2026.9.15 11:45-2.txt,24350,4:00 오흡>비벤>궁물촌>그할마>장량복지센터 카풀방 <URL>,human_review_required,2+ known places and route/mode marker
omit_0144,2024-12-06,금,01:46,u0125,오흡,학교,그할마,원룸촌,비벤;궁물촌,4,Talk_2026.9.15 11:45-2.txt,24679,02:00 오흡>비벤>궁물촌>그할마>장량복지센터 카풀방 <URL>,human_review_required,2+ known places and route/mode marker
omit_0145,2024-12-08,일,03:13,u0125,오흡,학교,그할마,원룸촌,비벤;궁물촌,4,Talk_2026.9.15 11:45-2.txt,25155,03:25 오흡>비벤>궁물촌>그할마>장량복지센터 카풀방 <URL>,human_review_required,2+ known places and route/mode marker
omit_0146,2024-12-09,월,01:09,u0125,오흡,학교,그할마,원룸촌,비벤;궁물촌,4,Talk_2026.9.15 11:45-2.txt,25263,01:20 오흡>비벤>궁물촌>그할마>장량복지센터 카풀방 <URL>,human_review_required,2+ known places and route/mode marker
omit_0147,2024-12-09,월,20:30,u0125,오흡,학교,그할마,원룸촌,비벤;궁물촌,4,Talk_2026.9.15 11:45-2.txt,25520,21시 오흡>비벤>궁물촌>그할마>장량복지센터 카풀방 <URL>,human_review_required,2+ known places and route/mode marker
omit_0148,2024-12-09,월,20:37,u1506,학교,학교,시외버스터미널,터미널,,2,Talk_2026.9.15 11:45-2.txt,25523,12/10 화요일 9:30am 학교➡️시외버스터미널 택시 카풀 <PHONE>,human_review_required,2+ known places and route/mode marker
omit_0149,2024-12-10,화,02:17,u1506,학교,학교,시외버스터미널,터미널,,2,Talk_2026.9.15 11:45-2.txt,25588,12/10 화요일 9:30am 학교➡️시외버스터미널 택시 카풀 <PHONE>,human_review_required,2+ known places and route/mode marker
omit_0150,2024-12-11,수,00:53,u0125,오흡,학교,그할마,원룸촌,비벤;궁물촌,4,Talk_2026.9.15 11:45-2.txt,25869,01:10 오흡>비벤>궁물촌>그할마>장량복지센터 카풀방 <URL>,human_review_required,2+ known places and route/mode marker
omit_0151,2024-12-11,수,15:29,u1506,시외버스터미널,터미널,학교,학교,,2,Talk_2026.9.15 11:45-2.txt,26006,12/11 수요일 5:10pm 시외버스터미널➡️학교 택시 카풀 <PHONE>,human_review_required,2+ known places and route/mode marker
omit_0152,2024-12-12,목,02:59,u0125,오흡,학교,그할마,원룸촌,비벤;궁물촌,4,Talk_2026.9.15 11:45-2.txt,26159,03:10 오흡>비벤>궁물촌>그할마>장량복지센터 카풀방 <URL>,human_review_required,2+ known places and route/mode marker
omit_0153,2024-12-12,목,15:15,u0588,그할마,원룸촌,버정,학교,,2,Talk_2026.9.15 11:45-2.txt,26348,3:45 그할마>버정>에벤 <URL>,human_review_required,2+ known places and route/mode marker
omit_0154,2025-01-08,수,13:02,u0665,한동대,학교,터미널,터미널,포항터미널,3,Talk_2026.9.15 11:45-2.txt,29472,>1/8 > 13:00~14:00 구해지는대로 출발하고싶습니다 >한동대-포항터미널 >1/4명 <PHONE> 13시 이후로 터미널 가실분 연락주세요,human_review_required,2+ known places and route/mode marker
omit_0155,2025-01-22,수,17:19,u2073,한동대,학교,포항역,포항역,,2,Talk_2026.9.15 11:45-3.txt,136,1/24(금) 15:00 한동대➡️포항역(15시 37분 기차) <PHONE> (1/4) 캐리어 하나 가능,human_review_required,2+ known places and route/mode marker
omit_0156,2025-01-23,목,21:40,u2073,한동대,학교,포항역,포항역,,2,Talk_2026.9.15 11:45-3.txt,246,1/24(금) 15:00 한동대➡️포항역(15시 37분 기차) <PHONE> (2/4) 캐리어 하나 가능,human_review_required,2+ known places and route/mode marker
omit_0157,2025-01-24,금,11:12,u2073,한동대,학교,포항역,포항역,,2,Talk_2026.9.15 11:45-3.txt,314,1/24(금) 15:00 한동대➡️포항역(15시 37분 기차) <PHONE> (2/4) 캐리어 하나 가능,human_review_required,2+ known places and route/mode marker
omit_0158,2025-01-24,금,14:10,u2073,한동대,학교,포항역,포항역,,2,Talk_2026.9.15 11:45-3.txt,343,1/24(금) 15:00 한동대➡️포항역(15시 37분 기차) <PHONE> (3/4) 캐리어 ❌,human_review_required,2+ known places and route/mode marker
omit_0159,2025-02-02,일,16:11,u2073,포항역,포항역,한동대,학교,,2,Talk_2026.9.15 11:45-3.txt,570,2월 2일 (일) 18:43 도착 기차 포항역➡️한동대 택시 <PHONE> (1/4),human_review_required,2+ known places and route/mode marker
omit_0160,2025-02-06,목,19:07,u2073,한동대,학교,포항역,포항역,,2,Talk_2026.9.15 11:45-3.txt,896,2/7(금) 15:00(15:37 출발기차) 한동대➡️포항역 택시 <PHONE> (1/4),human_review_required,2+ known places and route/mode marker
omit_0161,2025-02-07,금,12:41,u2073,한동대,학교,포항역,포항역,,2,Talk_2026.9.15 11:45-3.txt,960,2/7(금) 15:00(15:37 출발기차) 한동대➡️포항역 택시 <PHONE> (1/4),human_review_required,2+ known places and route/mode marker
omit_0162,2025-02-09,일,01:17,u2073,포항역,포항역,한동대,학교,,2,Talk_2026.9.15 11:45-3.txt,1041,2/9 (일) 15:28 도착 기차 포항역➡️한동대 택시 <PHONE> (1/4),human_review_required,2+ known places and route/mode marker
omit_0163,2025-02-25,화,01:43,u2073,포항역,포항역,한동대,학교,,2,Talk_2026.9.15 11:45-3.txt,2064,2/25(화) 17:34 도착기차 포항역➡️한동대 택시 (1/4) <PHONE>,human_review_required,2+ known places and route/mode marker
omit_0164,2025-02-25,화,16:56,u2073,포항역,포항역,한동대,학교,,2,Talk_2026.9.15 11:45-3.txt,2127,2/25(화) 17:34 도착기차 포항역➡️한동대 택시 (1/4) <PHONE>,human_review_required,2+ known places and route/mode marker
omit_0165,2025-02-26,수,08:22,u0982,한동대,학교,포항역,포항역,,2,Talk_2026.9.15 11:45-3.txt,2234,9시 10분 한동> 포항역 <PHONE>,human_review_required,2+ known places and route/mode marker
omit_0166,2025-02-26,수,09:02,u0982,한동대,학교,포항역,포항역,,2,Talk_2026.9.15 11:45-3.txt,2242,9시 20분 한동> 포항역 <PHONE>,human_review_required,2+ known places and route/mode marker
omit_0167,2025-03-02,일,13:58,u2079,한동대,학교,포항역,포항역,,2,Talk_2026.9.15 11:45-3.txt,2844,카카오톡 오픈채팅을 시작해 보세요. 링크를 선택하면 카카오톡이 실행됩니다. 한동같이카3/2 17:35 포항역>하용조 <URL>,human_review_required,2+ known places and route/mode marker
omit_0168,2025-03-04,화,10:15,u1196,유야,원룸촌,현동,학교,,2,Talk_2026.9.15 11:45-3.txt,3330,11:00 유야-현동-올네 카풀 카카오톡 오픈채팅을 시작해 보세요. 링크를 선택하면 카카오톡이 실행됩니다. 카풀 <URL>,human_review_required,2+ known places and route/mode marker
omit_0169,2025-03-05,수,13:13,u1310,한동대,학교,포항역,포항역,,2,Talk_2026.9.15 11:45-3.txt,3605,13:20 한동>포항역 <PHONE>,human_review_required,2+ known places and route/mode marker
omit_0170,2025-03-06,목,23:24,u1310,한동대,학교,포항역,포항역,,2,Talk_2026.9.15 11:45-3.txt,4169,3/7 금 13:20 한동 > 포항역(14:03기차) <PHONE>,human_review_required,2+ known places and route/mode marker
omit_0171,2025-03-07,금,09:44,u1310,한동대,학교,포항역,포항역,,2,Talk_2026.9.15 11:45-3.txt,4286,2/4 오늘 금 13:20 한동 > 포항역(14:03기차) <PHONE> 캐리어 유무 알려주세요,human_review_required,2+ known places and route/mode marker
omit_0172,2025-03-07,금,13:30,u2073,한동대,학교,포항역,포항역,택정,3,Talk_2026.9.15 11:45-3.txt,4366,3/7(금) 18시 50분 한동대(택정)➡️포항역(19:28 기차) <PHONE> (1/4) 캐리어 하나 있음,human_review_required,2+ known places and route/mode marker
omit_0173,2025-03-07,금,21:55,u1400,양덕,원룸촌,학교,학교,,2,Talk_2026.9.15 11:45-3.txt,4517,3/8토 오전 8:00 양덕-대구(대구공업고등학교) 카풀 8000원 <PHONE>,human_review_required,2+ known places and route/mode marker
omit_0174,2025-03-11,화,07:50,u0697,예성,원룸촌,야멍,원룸촌,,2,Talk_2026.9.15 11:45-3.txt,5185,8:10 예성(야멍)➡️학관 <PHONE>,human_review_required,2+ known places and route/mode marker
omit_0175,2025-03-13,목,20:58,u0125,오흡,학교,그할마,원룸촌,,2,Talk_2026.9.15 11:45-3.txt,5986,21:30 오흡>그할마>장량복지센터 중간 승하차 가능 카풀방 <URL>,human_review_required,2+ known places and route/mode marker
omit_0176,2025-03-14,금,21:03,u0982,한동대,학교,포항역,포항역,,2,Talk_2026.9.15 11:45-3.txt,6466,21: 10 택시 한동 - 포항역,human_review_required,2+ known places and route/mode marker
omit_0177,2025-03-14,금,22:54,u0125,오흡,학교,그할마,원룸촌,,2,Talk_2026.9.15 11:45-3.txt,6492,23:20 오흡>그할마>장량복지센터 중간 승하차 가능 카풀방 <URL>,human_review_required,2+ known places and route/mode marker
omit_0178,2025-03-15,토,11:29,u0697,예성,원룸촌,야멍,원룸촌,,2,Talk_2026.9.15 11:45-3.txt,6551,🚕화요일 08:10 고정 택시팟 구합니다 (3/4) 예성(야멍)➡️학관 25-1 화 고정 택시 <URL>,human_review_required,2+ known places and route/mode marker
omit_0179,2025-03-15,토,16:05,u0697,예성,원룸촌,야멍,원룸촌,,2,Talk_2026.9.15 11:45-3.txt,6608,🚕화요일 08:10 고정 택시팟 구합니다 (3/4) 예성(야멍)➡️학관 25-1 화 고정 택시 <URL>,human_review_required,2+ known places and route/mode marker
omit_0180,2025-03-15,토,22:13,u0125,오흡,학교,그할마,원룸촌,,2,Talk_2026.9.15 11:45-3.txt,6704,22:40 오흡>그할마>장량복지센터 중간 승하차 가능 카풀방 <URL>,human_review_required,2+ known places and route/mode marker
omit_0181,2025-03-16,일,18:52,u0125,오흡,학교,그할마,원룸촌,,2,Talk_2026.9.15 11:45-3.txt,6968,19:05 오흡>그할마>장량복지센터 카풀방 <URL>,human_review_required,2+ known places and route/mode marker
omit_0182,2025-03-17,월,23:15,u0125,오흡,학교,그할마,원룸촌,,2,Talk_2026.9.15 11:45-3.txt,7324,23:30 오흡>그할마>장량복지센터 중간 승하차 가능 카풀방 <URL>,human_review_required,2+ known places and route/mode marker
omit_0183,2025-03-19,수,22:03,u0125,오흡,학교,그할마,원룸촌,,2,Talk_2026.9.15 11:45-3.txt,7775,22:30 오흡>그할마>장량복지센터 중간 승하차 가능 카풀방 <URL>,human_review_required,2+ known places and route/mode marker
omit_0184,2025-03-20,목,11:25,u1547,한동대,학교,포항역,포항역,,2,Talk_2026.9.15 11:45-3.txt,7944,3/20(목요일-오늘) 13:40(오후 1시40분) 한동대-포항역(택시) <PHONE>,human_review_required,2+ known places and route/mode marker
omit_0185,2025-03-20,목,13:42,u1937,한동대,학교,유야,원룸촌,,2,Talk_2026.9.15 11:45-3.txt,7978,🚗 빨강 모닝 카풀 🚗 14:00 한동———> 유야 (중간하차 가능) 1/4 <URL>,human_review_required,2+ known places and route/mode marker
omit_0186,2025-03-20,목,18:47,u0125,오흡,학교,그할마,원룸촌,,2,Talk_2026.9.15 11:45-3.txt,8126,19:00 오흡>그할마>장량복지센터 중간 승하차 가능 카풀방 <URL>,human_review_required,2+ known places and route/mode marker
omit_0187,2025-03-21,금,15:55,u0860,한동대,학교,고속버스터미널,터미널,,2,Talk_2026.9.15 11:45-3.txt,8508,오늘 한동에서 4시반에 포항고속버스터미널 같이 가실분 연락 주세요! 링크를 선택하면 카카오톡이 실행됩니다. 카풀 <URL>,human_review_required,2+ known places and route/mode marker
omit_0188,2025-03-25,화,06:52,u0751,포항역,포항역,한동대,학교,,2,Talk_2026.9.15 11:45-3.txt,9406,3/25(화) 포항역➡️한동대 9:02 도착 기차 <URL>,human_review_required,2+ known places and route/mode marker
omit_0189,2025-03-26,수,09:04,u0446,야멍,원룸촌,느헴,학교,,2,Talk_2026.9.15 11:45-3.txt,9791,9:45 유아-야멍-느헴 카풀 톡방정원 7명 <URL>,human_review_required,2+ known places and route/mode marker
omit_0190,2025-03-27,목,22:02,u1067,한동대,학교,고속버스터미널,터미널,,2,Talk_2026.9.15 11:45-3.txt,10376,3/28 금요일 오전 8시 한동대 ➡️ 포항고속버스터미널 <PHONE>/4,human_review_required,2+ known places and route/mode marker
omit_0191,2025-04-03,목,13:26,u1138,한동대,학교,포항역,포항역,,2,Talk_2026.9.15 11:45-3.txt,12337,4/4 금 11:04 기차 한동대➡️포항역 <PHONE>,human_review_required,2+ known places and route/mode marker
omit_0192,2025-04-03,목,23:33,u1856,한동대,학교,포항역,포항역,,2,Talk_2026.9.15 11:45-3.txt,12575,4/4 금 2:04 기차(1시30분 출발) 한동대➡️포항역 <PHONE>,human_review_required,2+ known places and route/mode marker
omit_0193,2025-04-24,목,18:32,u1455,한동대,학교,포항역,포항역,,2,Talk_2026.9.15 11:45-3.txt,17931,4/25 금요일 낮 12시 한동 > 포항역 (12시 38분 기차) 택시 같이 타고 가실 분 구합니다! <PHONE>,human_review_required,2+ known places and route/mode marker
omit_0194,2025-04-25,금,08:03,u1196,유야,원룸촌,현동,학교,,2,Talk_2026.9.15 11:45-3.txt,18124,08:25 유야-현동-올네 카풀 카카오톡 오픈채팅을 시작해 보세요. 링크를 선택하면 카카오톡이 실행됩니다. 카풀 <URL>,human_review_required,2+ known places and route/mode marker
omit_0195,2025-04-28,월,23:50,u1043,예성,원룸촌,그할마,원룸촌,,2,Talk_2026.9.15 11:45-3.txt,19258,29(월) 오전 11:10 예성(그할마) - 느혬(중간 하차 가능) <URL>,human_review_required,2+ known places and route/mode marker
omit_0196,2025-04-29,화,10:45,u1043,예성,원룸촌,그할마,원룸촌,,2,Talk_2026.9.15 11:45-3.txt,19384,11:10 예성(그할마) - 느혬(중간 하차 가능) 톡방정원 6명 <URL>,human_review_required,2+ known places and route/mode marker
omit_0197,2025-05-02,금,14:01,u0923,한동대,학교,포항역,포항역,,2,Talk_2026.9.15 11:45-3.txt,21152,5/2 금 7:00 한동>포항역 2/4 <PHONE>,human_review_required,2+ known places and route/mode marker
omit_0198,2025-05-02,금,20:31,u2073,한동대,학교,포항역,포항역,,2,Talk_2026.9.15 11:45-3.txt,21404,5월 3일 (토) 10:05 한동대 ➡️포항역 (10:40 출발 기차) 큰 캐리어 하나 있음 <PHONE> (1/4),human_review_required,2+ known places and route/mode marker
omit_0199,2025-05-12,월,20:35,u1196,오흡,학교,유야,원룸촌,,2,Talk_2026.9.15 11:45-3.txt,24390,21:00 오흡-비전-유야 카풀 카풀 <URL>,human_review_required,2+ known places and route/mode marker
omit_0200,2025-05-15,목,00:56,u1914,학교,학교,포항역,포항역,,2,Talk_2026.9.15 11:45-3.txt,25052,5/16 (금) 15:00 학교>포항역 - 15:37 기차 / 택시 카풀 - 2/4 <URL>,human_review_required,2+ known places and route/mode marker
omit_0201,2025-05-15,목,08:56,u1196,유야,원룸촌,현동,학교,,2,Talk_2026.9.15 11:45-3.txt,25091,09:20 유야-현동-올네 카풀 카카오톡 오픈채팅을 시작해 보세요. 링크를 선택하면 카카오톡이 실행됩니다. 카풀 <URL>,human_review_required,2+ known places and route/mode marker
omit_0202,2025-05-16,금,08:12,u1914,학교,학교,포항역,포항역,,2,Talk_2026.9.15 11:45-3.txt,25443,5/15 (금) 15:00 학교>포항역 (15:37 기차) 택시 카풀 -오픈채팅봇 포함 5명 정원 <URL>,human_review_required,2+ known places and route/mode marker
omit_0203,2025-05-16,금,08:35,u1196,유야,원룸촌,현동,학교,,2,Talk_2026.9.15 11:45-3.txt,25453,09:20 유야-현동-올네 카풀 <URL>,human_review_required,2+ known places and route/mode marker
omit_0204,2025-05-16,금,16:49,u1289,한동대,학교,포항역,포항역,,2,Talk_2026.9.15 11:45-3.txt,25688,오늘 17:30(18:00 기차) 한동>포항역 1/4 <PHONE>,human_review_required,2+ known places and route/mode marker
omit_0205,2025-05-17,토,02:01,u2073,택정,학교,포항역,포항역,,2,Talk_2026.9.15 11:45-3.txt,25811,5/17(토) 오전 9:25(9:58 출발 기차) 택정➡️포항역 택시 <PHONE> (1/4),human_review_required,2+ known places and route/mode marker
omit_0206,2025-05-17,토,08:41,u2073,택정,학교,포항역,포항역,,2,Talk_2026.9.15 11:45-3.txt,25843,5/17(토) 오전 9:25(9:58 출발 기차) 택정➡️포항역 택시 <PHONE> (2/4),human_review_required,2+ known places and route/mode marker
omit_0207,2025-05-20,화,08:53,u1196,유야,원룸촌,현동,학교,,2,Talk_2026.9.15 11:45-3.txt,26563,09:20 유야-현동-올네 카풀 <URL>,human_review_required,2+ known places and route/mode marker
omit_0208,2025-05-21,수,13:31,u1196,유야,원룸촌,현동,학교,,2,Talk_2026.9.15 11:45-3.txt,26859,14:12 유야-현동-올네 카풀 <URL>,human_review_required,2+ known places and route/mode marker
omit_0209,2025-05-22,목,07:31,u1196,유야,원룸촌,현동,학교,,2,Talk_2026.9.15 11:45-3.txt,27003,07:45 유야-현동-올네 카풀 <URL>,human_review_required,2+ known places and route/mode marker
omit_0210,2025-05-22,목,11:50,u0934,양덕,원룸촌,포항역,포항역,,2,Talk_2026.9.15 11:45-3.txt,27106,5/23금 1:00 (1:54기차) 양덕👉포항역 택시 타실분 연락주세요! <PHONE>,human_review_required,2+ known places and route/mode marker
omit_0211,2025-05-22,목,15:45,u0934,학교,학교,포항역,포항역,,2,Talk_2026.9.15 11:45-3.txt,27169,5/23금 1:00 (1:54기차) 학교👉포항역 택시 타실분 연락주세요! <PHONE>,human_review_required,2+ known places and route/mode marker
omit_0212,2025-05-23,금,05:28,u0934,학교,학교,포항역,포항역,,2,Talk_2026.9.15 11:45-3.txt,27313,5/23금 1:10 (1:54기차) 학교👉포항역 택시 타실분 연락주세요! <PHONE>,human_review_required,2+ known places and route/mode marker
omit_0213,2025-05-23,금,08:53,u1196,유야,원룸촌,현동,학교,,2,Talk_2026.9.15 11:45-3.txt,27344,09:20 유야-현동-올네 카풀 <URL>,human_review_required,2+ known places and route/mode marker
omit_0214,2025-05-24,토,12:02,u1225,한동대,학교,포항역,포항역,,2,Talk_2026.9.15 11:45-3.txt,27808,5/24(토) 18:40-19:00 한동대➡️포항역 (19:40 기차) <PHONE>,human_review_required,2+ known places and route/mode marker
omit_0215,2025-05-24,토,17:27,u2073,포항역,포항역,한동대,학교,,2,Talk_2026.9.15 11:45-3.txt,27835,5/24(토) 18:43 도착기차 포항역➡️한동대 택시 <PHONE> (1/4),human_review_required,2+ known places and route/mode marker
omit_0216,2025-05-25,일,16:47,u2073,포항역,포항역,한동대,학교,,2,Talk_2026.9.15 11:45-3.txt,28044,5/25 18:05 도착기차 포항역➡️한동대 택시 <PHONE> (캐리어 유무 알려주세요) 1/4,human_review_required,2+ known places and route/mode marker
omit_0217,2025-05-26,월,08:53,u1196,유야,원룸촌,현동,학교,,2,Talk_2026.9.15 11:45-3.txt,28212,09:20 유야-현동-올네 카풀 <URL>,human_review_required,2+ known places and route/mode marker
omit_0218,2025-05-29,목,08:53,u1196,유야,원룸촌,현동,학교,,2,Talk_2026.9.15 11:45-3.txt,28936,09:20 유야-현동-올네 카풀 <URL>,human_review_required,2+ known places and route/mode marker
omit_0219,2025-05-30,금,10:53,u1043,그할마,원룸촌,느헴,학교,,2,Talk_2026.9.15 11:45-3.txt,29435,11:10 gs(그할마) - 느헴 중간 승하차 가능 톡방 정원 6명 <URL>,human_review_required,2+ known places and route/mode marker
omit_0220,2025-06-02,월,08:54,u1196,유야,원룸촌,현동,학교,,2,Talk_2026.9.15 11:45-3.txt,30343,09:20 유야-현동-올네 카풀 <URL>,human_review_required,2+ known places and route/mode marker
omit_0221,2025-06-02,월,09:19,u1043,그할마,원룸촌,현동,학교,,2,Talk_2026.9.15 11:45-3.txt,30362,9:40 gs(그할마) - 현동 중간 승하차 가능 톡방 정원 6명 <URL>,human_review_required,2+ known places and route/mode marker
omit_0222,2025-06-02,월,14:45,u2073,한동대,학교,포항역,포항역,,2,Talk_2026.9.15 11:45-3.txt,30482,6/2 (월) 택시 15:50 한동대➡️포항역(16:21 기차) <PHONE> (1/4) 캐리어 유무 알려주세요,human_review_required,2+ known places and route/mode marker
omit_0223,2025-06-03,화,19:57,u2073,포항역,포항역,한동대,학교,,2,Talk_2026.9.15 11:45-3.txt,30922,6/4(수) 오전 11:49 도착 기차 포항역➡️한동대 택시 <PHONE> (1/4) 캐리어 유무 알려주세요,human_review_required,2+ known places and route/mode marker
omit_0224,2025-06-04,수,09:35,u1043,그할마,원룸촌,느헴,학교,,2,Talk_2026.9.15 11:45-3.txt,31069,09:40 gs(그할마) - 느헴 중간 승하차 가능 톡방 정원 6명 <URL>,human_review_required,2+ known places and route/mode marker
omit_0225,2025-06-04,수,10:14,u2073,포항역,포항역,한동대,학교,,2,Talk_2026.9.15 11:45-3.txt,31079,6/4(수) 오전 11:49 도착 기차 포항역➡️한동대 택시 <PHONE> (1/4) 캐리어 유무 알려주세요,human_review_required,2+ known places and route/mode marker
omit_0226,2025-06-05,목,08:39,u1196,유야,원룸촌,현동,학교,,2,Talk_2026.9.15 11:45-4.txt,195,09:20 유야-현동-올네 카풀 <URL>,human_review_required,2+ known places and route/mode marker
omit_0227,2025-06-05,목,09:31,u1043,그할마,원룸촌,현동,학교,,2,Talk_2026.9.15 11:45-4.txt,233,09:40 gs(그할마) - 현동 중간 승하차 가능 톡방 정원 6명 <URL>,human_review_required,2+ known places and route/mode marker
omit_0228,2025-06-06,금,13:14,u2073,한동대,학교,포항역,포항역,,2,Talk_2026.9.15 11:45-4.txt,720,6/6(금) 21:00 (21:36 기차) 한동대➡️포항역 택시 (1/4) <PHONE>,human_review_required,2+ known places and route/mode marker
omit_0229,2025-06-06,금,15:15,u2073,한동대,학교,포항역,포항역,,2,Talk_2026.9.15 11:45-4.txt,737,6/6(금) 21:00 (21:36 기차) 한동대➡️포항역 택시 (2/4) <PHONE>,human_review_required,2+ known places and route/mode marker
omit_0230,2025-06-08,일,18:26,u2073,시외버스터미널,터미널,한동대,학교,,2,Talk_2026.9.15 11:45-4.txt,1189,6/8(일) 21:40 택시 포항시외버스터미널 ➡️ 한동대 (1/4) <PHONE>,human_review_required,2+ known places and route/mode marker
omit_0231,2025-06-13,금,11:03,u1043,그할마,원룸촌,느헴,학교,,2,Talk_2026.9.15 11:45-4.txt,2513,11:10 gs(그할마) - 느헴 중간 승하차 가능 톡방정원 6명 <URL>,human_review_required,2+ known places and route/mode marker
omit_0232,2025-06-15,일,10:17,u0078,그할마,원룸촌,학교,학교,,2,Talk_2026.9.15 11:45-4.txt,2884,10:20 그할마>학교>보예교 (택시) <PHONE>,human_review_required,2+ known places and route/mode marker
omit_0233,2025-06-19,목,13:45,u0783,한동대,학교,포항역,포항역,,2,Talk_2026.9.15 11:45-4.txt,3830,15:10 한동>>포항역 (15:35 기차) <PHONE>,human_review_required,2+ known places and route/mode marker
omit_0234,2025-06-21,토,11:33,u0446,학교,학교,양덕,원룸촌,,2,Talk_2026.9.15 11:45-4.txt,4504,"6/29 (일) 포항(학교,양덕)-서울대입구역 카풀 20,000원 <PHONE>",human_review_required,2+ known places and route/mode marker
omit_0235,2025-06-23,월,00:43,u0446,학교,학교,양덕,원룸촌,,2,Talk_2026.9.15 11:45-4.txt,4753,"6/29 (일) 08:00 포항(학교,양덕)-서울대입구역 카풀 20,000원 <PHONE>",human_review_required,2+ known places and route/mode marker
omit_0236,2025-06-23,월,23:30,u1506,궁물촌,원룸촌,느헴,학교,,2,Talk_2026.9.15 11:45-4.txt,4883,계절학기 기간 고정 택시 카풀⛱️ 8:40am 출발 궁물촌 ➡️ 느헤미야홀 정원 (2/4) <URL> 문의: <PHONE>,human_review_required,2+ known places and route/mode marker
omit_0237,2025-06-27,금,02:03,u0446,학교,학교,양덕,원룸촌,,2,Talk_2026.9.15 11:45-4.txt,5202,"6/29 (일) 08:00 포항(학교,양덕)-서울대입구역 카풀 20,000원 <PHONE>",human_review_required,2+ known places and route/mode marker
omit_0238,2025-06-27,금,13:47,u0446,학교,학교,양덕,원룸촌,,2,Talk_2026.9.15 11:45-4.txt,5262,"6/29 (일) 08:00 포항(학교,양덕)-서울대입구역 카풀 20,000원 <PHONE>",human_review_required,2+ known places and route/mode marker
omit_0239,2025-07-20,일,13:37,u1217,양덕,원룸촌,학교,학교,,2,Talk_2026.9.15 11:45-4.txt,7414,"7/20 일 (오늘) 오후 3시 30분 서울 선릉역 - 포항 양덕 (학교 경유 가능) 코나 뒷좌석 15,000원 2시 20분까지 연락주세요 <PHONE>",human_review_required,2+ known places and route/mode marker
omit_0240,2025-07-30,수,08:17,u2010,고기왕,원룸촌,느헴,학교,,2,Talk_2026.9.15 11:45-4.txt,7925,8:42 카풀 상지아이들유치원-고기왕정육점-느헴(중간하차가능) <URL>,human_review_required,2+ known places and route/mode marker
omit_0241,2025-07-30,수,23:00,u1342,한동대,학교,양덕,원룸촌,그할마,3,Talk_2026.9.15 11:45-4.txt,7960,11:20 택시 한동 - 그할마(양덕) <PHONE>,human_review_required,2+ known places and route/mode marker
omit_0242,2025-07-31,목,08:19,u2010,고기왕,원룸촌,느헴,학교,,2,Talk_2026.9.15 11:45-4.txt,7981,8:42 카풀 상지아이들유치원-고기왕정육점-느헴(중간하차가능) <URL>,human_review_required,2+ known places and route/mode marker
omit_0243,2025-08-01,금,08:18,u2010,고기왕,원룸촌,느헴,학교,,2,Talk_2026.9.15 11:45-4.txt,8073,8:42 카풀 상지아이들유치원-고기왕정육점-느헴(중간하차가능) <URL>,human_review_required,2+ known places and route/mode marker
omit_0244,2025-08-05,화,08:21,u2010,고기왕,원룸촌,느헴,학교,,2,Talk_2026.9.15 11:45-4.txt,8249,8:42 카풀 상지아이들유치원-고기왕정육점-느헴(중간하차가능) <URL>,human_review_required,2+ known places and route/mode marker
omit_0245,2025-08-06,수,08:23,u2010,고기왕,원룸촌,느헴,학교,,2,Talk_2026.9.15 11:45-4.txt,8292,8:42 카풀 상지아이들유치원-고기왕정육점-느헴(중간하차가능) <URL>,human_review_required,2+ known places and route/mode marker
omit_0246,2025-08-12,화,09:25,u2010,고기왕,원룸촌,느헴,학교,,2,Talk_2026.9.15 11:45-4.txt,8521,9:43 카풀 상지아이들유치원-고기왕정육점-느헴(중간하차가능) <URL>,human_review_required,2+ known places and route/mode marker
omit_0247,2025-08-13,수,08:15,u2010,고기왕,원룸촌,느헴,학교,,2,Talk_2026.9.15 11:45-4.txt,8566,8:43 카풀 상지아이들유치원-고기왕정육점-느헴(중간하차가능) <URL>,human_review_required,2+ known places and route/mode marker
omit_0248,2025-08-14,목,08:17,u2010,고기왕,원룸촌,느헴,학교,,2,Talk_2026.9.15 11:45-4.txt,8622,8:43 카풀 상지아이들유치원-고기왕정육점-느헴(중간하차가능) <URL>,human_review_required,2+ known places and route/mode marker
omit_0249,2025-08-25,월,13:10,u1365,양덕,원룸촌,한동대,학교,,2,Talk_2026.9.15 11:45-4.txt,9094,🚕 8:00 화금 1교시 고정 택시 카풀 (1/4) 농협양덕지점 ➡️ 한동대 개강 이후부터 화금 1교시 고정 카풀 멤버 구합니다‼️,human_review_required,2+ known places and route/mode marker
omit_0250,2025-08-25,월,17:12,u1236,느헴,학교,유야,원룸촌,,2,Talk_2026.9.15 11:45-4.txt,9124,17:30 느헤미야 - > 유야 1/3 <URL>,human_review_required,2+ known places and route/mode marker
omit_0251,2025-08-25,월,21:24,u1365,양덕,원룸촌,한동대,학교,,2,Talk_2026.9.15 11:45-4.txt,9139,🚕 8:00 화금 1교시 고정 택시 카풀 (3/4) 농협양덕지점 ➡️ 한동대 개강 이후부터 화금 1교시 고정 카풀 멤버 구합니다‼️,human_review_required,2+ known places and route/mode marker
omit_0252,2025-08-26,화,16:43,u1236,느헴,학교,유야,원룸촌,,2,Talk_2026.9.15 11:45-4.txt,9187,17:00 느헤미야 - > 유야 1/4 <URL>,human_review_required,2+ known places and route/mode marker
omit_0253,2025-08-28,목,10:25,u1365,양덕,원룸촌,한동대,학교,,2,Talk_2026.9.15 11:45-4.txt,9309,🚕 8:00 화금 1교시 고정 택시 카풀 (3/4) 농협양덕지점 ➡️ 한동대 하차 지점 변동 가능,human_review_required,2+ known places and route/mode marker
omit_0254,2025-08-30,토,20:22,u1365,양덕,원룸촌,한동대,학교,,2,Talk_2026.9.15 11:45-4.txt,9654,🚕 고정 택시 카풀 8:10 화금 1교시(3/4) 농협양덕지점 ➡️ 한동대 (하차 지점 변동 가능) 개강 이후부터 화금 1교시 고정 카풀 멤버 구합니다‼️,human_review_required,2+ known places and route/mode marker
omit_0255,2025-09-01,월,08:39,u1196,유야,원룸촌,현동,학교,,2,Talk_2026.9.15 11:45-4.txt,10128,09:16 유야-현동-올네 카풀 <URL>,human_review_required,2+ known places and route/mode marker
omit_0256,2025-09-01,월,21:32,u1365,양덕,원룸촌,한동대,학교,,2,Talk_2026.9.15 11:45-4.txt,10394,🚕 고정 택시 카풀 8:10 화금 1교시(3/4) 농협양덕지점 ➡️ 한동대 25-2학기 화금 1교시 고정 카풀 멤버 구합니다‼️,human_review_required,2+ known places and route/mode marker
omit_0257,2025-09-02,화,15:53,u1365,양덕,원룸촌,한동대,학교,,2,Talk_2026.9.15 11:45-4.txt,10590,🚕 고정 택시 카풀 화금 1교시(3/4) 매주 화금 8:10 농협양덕지점 ➡️ 한동대 마지막 1분 구합니다~~,human_review_required,2+ known places and route/mode marker
omit_0258,2025-09-04,목,12:06,u1196,유야,원룸촌,현동,학교,,2,Talk_2026.9.15 11:45-4.txt,11074,12:40 유야-현동-올네 카풀 <URL>,human_review_required,2+ known places and route/mode marker
omit_0259,2025-09-08,월,08:40,u1196,유야,원룸촌,현동,학교,,2,Talk_2026.9.15 11:45-4.txt,12028,09:20 유야-현동-올네 카풀 <URL>,human_review_required,2+ known places and route/mode marker
omit_0260,2025-09-09,화,14:01,u1196,유야,원룸촌,현동,학교,,2,Talk_2026.9.15 11:45-4.txt,12392,14:15 유야-현동-올네 카풀 <URL>,human_review_required,2+ known places and route/mode marker
omit_0261,2025-09-10,수,18:04,u0095,양덕,원룸촌,학교,학교,,2,Talk_2026.9.15 11:45-4.txt,12683,9/13 토요일 서울까지 카풀 9월 13일 토요일 오후 1:30 포항 출발(양덕이나 학교) 서울 도착(자세한 도착지는 협의) 차량: 티볼리 금액: 2만 5천원 기타 문의 사항: <PHONE>,human_review_required,2+ known places and route/mode marker
omit_0262,2025-09-21,일,10:13,u2073,한동대,학교,포항역,포항역,,2,Talk_2026.9.15 11:45-4.txt,15776,9/21(일) 12:10(12시 46분 기차) 한동대➡️포항역 택시 <PHONE> (1/4) 캐리어 유무 알려주세요 !,human_review_required,2+ known places and route/mode marker
omit_0263,2025-09-21,일,15:26,u0898,포항역,포항역,한동대,학교,,2,Talk_2026.9.15 11:45-4.txt,15848,내일 9/22 (월) 오전 9:15 포항역ㅡ한동대 (카풀 1/4) <URL>,human_review_required,2+ known places and route/mode marker
omit_0264,2025-09-23,화,23:41,u1780,한동대,학교,양덕,원룸촌,,2,Talk_2026.9.15 11:45-4.txt,16554,모이는대로 택시 한동 > 양덕 <PHONE>,human_review_required,2+ known places and route/mode marker
omit_0265,2025-09-25,목,09:54,u1196,유야,원룸촌,현동,학교,,2,Talk_2026.9.15 11:45-4.txt,16922,10:10 유야-현동-올네 카풀 <URL>,human_review_required,2+ known places and route/mode marker
omit_0266,2025-09-29,월,09:05,u1196,유야,원룸촌,현동,학교,,2,Talk_2026.9.15 11:45-4.txt,18094,09:20 유야-현동-올네 카풀 <URL>,human_review_required,2+ known places and route/mode marker
omit_0267,2025-10-02,목,13:55,u1196,유야,원룸촌,현동,학교,,2,Talk_2026.9.15 11:45-4.txt,19634,14:12 유야-현동-올네 카풀 <URL>,human_review_required,2+ known places and route/mode marker
omit_0268,2025-10-02,목,16:36,u2073,학교,학교,포항역,포항역,,2,Talk_2026.9.15 11:45-4.txt,19794,10/3(금) 15:00 출발(15:35분 출발 기차) 학교➡️포항역 (1/4) 캐리어 유무 알려주세요 <URL>,human_review_required,2+ known places and route/mode marker
omit_0269,2025-10-03,금,10:40,u2073,학교,학교,포항역,포항역,,2,Talk_2026.9.15 11:45-4.txt,20196,10/3(금) 15:00 출발(15:35분 출발 기차) 학교➡️포항역 (1/4) 캐리어 유무 알려주세요(큰캐리어 불가) <URL>,human_review_required,2+ known places and route/mode marker
omit_0270,2025-10-03,금,13:50,u2073,학교,학교,포항역,포항역,,2,Talk_2026.9.15 11:45-4.txt,20271,10/3(금) 15:00 출발(15:35분 출발 기차) 학교➡️포항역 (3/4) 캐리어 유무 알려주세요(큰캐리어 불가) <URL>,human_review_required,2+ known places and route/mode marker
omit_0271,2025-10-09,목,11:45,u2073,포항역,포항역,한동대,학교,,2,Talk_2026.9.15 11:45-4.txt,20857,10/9(목) 15:29 도착기차 포항역➡️한동대 (택시) 캐리어 유무 알려주세요 (1/4) <PHONE>,human_review_required,2+ known places and route/mode marker
omit_0272,2025-10-15,수,12:28,u1196,유야,원룸촌,현동,학교,,2,Talk_2026.9.15 11:45-4.txt,22806,12:42 유야-현동-올네 카풀 <URL>,human_review_required,2+ known places and route/mode marker
omit_0273,2025-10-20,월,09:01,u1196,유야,원룸촌,현동,학교,,2,Talk_2026.9.15 11:45-4.txt,23990,09:20 유야-현동-올네 카풀 <URL>,human_review_required,2+ known places and route/mode marker
omit_0274,2025-10-22,수,19:31,u0013,유야,원룸촌,한동대,학교,궁물촌,3,Talk_2026.9.15 11:45-4.txt,24488,19:40 카풀 유야>궁물촌>한동 <PHONE>,human_review_required,2+ known places and route/mode marker
omit_0275,2025-10-24,금,23:01,u0697,택정,학교,그할마,원룸촌,,2,Talk_2026.9.15 11:45-4.txt,25192,택시 23:20 택정➡️그할마 <PHONE>,human_review_required,2+ known places and route/mode marker
omit_0276,2025-10-25,토,01:56,u2073,택정,학교,포항역,포항역,,2,Talk_2026.9.15 11:45-4.txt,25228,10/25(토) 15:00(15:35 출발 기차) 택정➡️포항역 택시 (1/4) 캐리어 유무 알려주세요 <URL>,human_review_required,2+ known places and route/mode marker
omit_0277,2025-10-25,토,13:19,u2073,택정,학교,포항역,포항역,,2,Talk_2026.9.15 11:45-4.txt,25278,10/25(토) 15:00(15:35 출발 기차) 택정➡️포항역 택시 (1/4) 캐리어 유무 알려주세요 <URL>,human_review_required,2+ known places and route/mode marker
omit_0278,2025-10-26,일,17:19,u2073,포항역,포항역,한동대,학교,,2,Talk_2026.9.15 11:45-4.txt,25472,10/26(일) 20:04 도착기차 포항역➡️한동대 택시 캐리어 유무 알려주세요! <URL> (1/4),human_review_required,2+ known places and route/mode marker
omit_0279,2025-10-31,금,23:44,u2073,택정,학교,포항역,포항역,,2,Talk_2026.9.15 11:45-4.txt,26861,11/1 (토) 택정➡️포항역 택시 13시 30분 출발 (14:03 기차) 캐리어 유무 알려주세요 (1/4) <URL>,human_review_required,2+ known places and route/mode marker
omit_0280,2025-11-01,토,01:34,u2073,택정,학교,포항역,포항역,,2,Talk_2026.9.15 11:45-4.txt,26886,11/1 (토) 택정➡️포항역 택시 13시 25분 출발 (14:03 기차) 캐리어 유무 알려주세요 (2/4) <URL>,human_review_required,2+ known places and route/mode marker
omit_0281,2025-11-02,일,00:19,u0923,포항역,포항역,한동대,학교,,2,Talk_2026.9.15 11:45-4.txt,27069,11/2 일 8:52 도착 기차 포항역 > 한동 <PHONE> 캐리어 여부 알려주세요,human_review_required,2+ known places and route/mode marker
omit_0282,2025-11-03,월,07:26,u2073,포항역,포항역,한동대,학교,,2,Talk_2026.9.15 11:45-4.txt,27423,11/3 (월) 15:29 도착 기차 포항역➡️한동대 택시 (1/4) 캐리어 유무 알려주세요 ! <URL>,human_review_required,2+ known places and route/mode marker
omit_0283,2025-11-03,월,09:07,u1196,유야,원룸촌,현동,학교,,2,Talk_2026.9.15 11:45-4.txt,27468,09:21 유야-현동-올네 카풀 <URL>,human_review_required,2+ known places and route/mode marker
omit_0284,2025-11-03,월,10:12,u2073,포항역,포항역,한동대,학교,,2,Talk_2026.9.15 11:45-4.txt,27498,11/3 (월) 15:29 도착 기차 포항역➡️한동대 택시 (2/4) 캐리어 유무 알려주세요 ! <URL>,human_review_required,2+ known places and route/mode marker
omit_0285,2025-11-07,금,17:42,u1794,오흡,학교,그할마,원룸촌,궁물촌,3,Talk_2026.9.15 11:45-4.txt,28560,18:05 오흡-택시정류장-궁물촌-그할마gs <URL>,human_review_required,2+ known places and route/mode marker
omit_0286,2025-11-10,월,08:50,u1196,유야,원룸촌,현동,학교,,2,Talk_2026.9.15 11:45-4.txt,29128,09:21 유야-현동-올네 카풀 <URL>,human_review_required,2+ known places and route/mode marker
omit_0287,2025-11-11,화,10:34,u2073,한동대,학교,포항역,포항역,,2,Talk_2026.9.15 11:45-4.txt,29474,11/12(수) 18:00 (18:31 출발 기차) 한동대➡️포항역 택시 캐리어 유무 알려주세요 (1/4) <URL>,human_review_required,2+ known places and route/mode marker
omit_0288,2025-11-12,수,16:17,u2073,한동대,학교,포항역,포항역,,2,Talk_2026.9.15 11:45-4.txt,29723,11/12(수) 17:30 (18:00 출발 기차) 한동대➡️포항역 택시 캐리어 유무 알려주세요 (1/4) <URL>,human_review_required,2+ known places and route/mode marker
omit_0289,2025-11-13,목,12:16,u2073,포항역,포항역,한동대,학교,,2,Talk_2026.9.15 11:45-4.txt,29961,11/13(목) 택시 13: 13 도착 기차 포항역➡️한동대 캐리어 유무 알려주세요 (1/4) <URL>,human_review_required,2+ known places and route/mode marker
omit_0290,2025-11-13,목,13:50,u1196,유야,원룸촌,현동,학교,,2,Talk_2026.9.15 11:45-4.txt,29975,14:10 유야-현동-올네 카풀 <URL>,human_review_required,2+ known places and route/mode marker
omit_0291,2025-11-16,일,23:18,u1063,포항역,포항역,한동대,학교,,2,Talk_2026.9.15 11:45-5.txt,393,11/17 (월) 09:09 도착 열차 포항역➡️한동대 <PHONE>/4,human_review_required,2+ known places and route/mode marker
omit_0292,2025-11-17,월,08:46,u1196,유야,원룸촌,현동,학교,,2,Talk_2026.9.15 11:45-5.txt,489,09:21 유야-현동-올네 카풀 <URL>,human_review_required,2+ known places and route/mode marker
omit_0293,2025-11-17,월,12:19,u1196,유야,원룸촌,현동,학교,,2,Talk_2026.9.15 11:45-5.txt,574,12:40 유야-현동-올네 카풀 <URL>,human_review_required,2+ known places and route/mode marker
omit_0294,2025-11-17,월,23:57,u2056,한동대,학교,그할마,원룸촌,,2,Talk_2026.9.15 11:45-5.txt,717,00:15 한동 > 그할마 <URL>,human_review_required,2+ known places and route/mode marker
omit_0295,2025-11-21,금,14:00,u2073,한동대,학교,포항역,포항역,,2,Talk_2026.9.15 11:45-5.txt,1737,11/21(금) 21:05(21:36 출발 기차) 한동대➡️포항역 택시 (1/4) 캐리어 유무 알려주세요 <URL>,human_review_required,2+ known places and route/mode marker
omit_0296,2025-11-21,금,20:09,u2073,한동대,학교,포항역,포항역,,2,Talk_2026.9.15 11:45-5.txt,1834,11/21(금) 21:05(21:36 출발 기차) 한동대➡️포항역 택시 (3/4) 캐리어 유무 알려주세요 <URL>,human_review_required,2+ known places and route/mode marker
omit_0297,2025-11-22,토,12:17,u0446,토시래,원룸촌,야멍,원룸촌,,2,Talk_2026.9.15 11:45-5.txt,1949,12:45 토시래-야멍-매점 카풀 톡방정원 6명 <URL>,human_review_required,2+ known places and route/mode marker
omit_0298,2025-11-23,일,12:38,u2073,포항역,포항역,한동대,학교,,2,Talk_2026.9.15 11:45-5.txt,2067,11/23(일) 15:29 도착기차 포항역➡️한동대 택시 캐리어 유무 알려주세요 (1/4) <URL>,human_review_required,2+ known places and route/mode marker
omit_0299,2025-11-27,목,13:35,u1196,유야,원룸촌,현동,학교,,2,Talk_2026.9.15 11:45-5.txt,2994,14:10 유야-현동-올네 카풀 <URL>,human_review_required,2+ known places and route/mode marker
omit_0300,2025-12-02,화,16:14,u0801,비벤,학교,그할마,원룸촌,,2,Talk_2026.9.15 11:45-5.txt,4389,카풀 16:23 비벤>귱뮬촌>그할마(중간승하차) <URL>,human_review_required,2+ known places and route/mode marker
omit_0301,2025-12-07,일,08:47,u0923,포항역,포항역,한동대,학교,,2,Talk_2026.9.15 11:45-5.txt,5423,12/7 (일) 오전 11:49 도착기차 포항역>한동 <PHONE>,human_review_required,2+ known places and route/mode marker
omit_0302,2025-12-23,화,19:31,u1857,학교,학교,양덕,원룸촌,,2,Talk_2026.9.15 11:45-5.txt,8562,12/24 수요일 오전 계절 마치고 (12:00 예상) 학교-(양덕)-양산 카풀 <URL>,human_review_required,2+ known places and route/mode marker
omit_0303,2025-12-24,수,21:19,u1593,한동대,학교,그할마,원룸촌,,2,Talk_2026.9.15 11:45-5.txt,8707,22:30 한동>그할마 <PHONE>,human_review_required,2+ known places and route/mode marker
omit_0304,2025-12-25,목,17:21,u2073,포항역,포항역,한동대,학교,,2,Talk_2026.9.15 11:45-5.txt,8732,12/25 (목) 18:44 도착기차 포항역➡️한동대 택시 <PHONE> (1/4),human_review_required,2+ known places and route/mode marker
omit_0305,2025-12-25,목,17:29,u1423,포항역,포항역,한동대,학교,,2,Talk_2026.9.15 11:45-5.txt,8738,12/25 (목) 20:30 포항역➡️한동대 택시 <PHONE>,human_review_required,2+ known places and route/mode marker
omit_0306,2026-01-10,토,11:07,u2073,한동대,학교,포항역,포항역,,2,Talk_2026.9.15 11:45-5.txt,9661,1/10(토) 13:25(14:03 출발 기차) 한동대➡️포항역 택시 <PHONE> (1/4),human_review_required,2+ known places and route/mode marker
omit_0307,2026-01-17,토,11:05,u1063,한동대,학교,포항역,포항역,,2,Talk_2026.9.15 11:45-5.txt,10101,1/17 (토) 13:30(14:03 기차) 한동대➡️포항역 <PHONE>,human_review_required,2+ known places and route/mode marker
omit_0308,2026-01-18,일,16:19,u2073,포항역,포항역,한동대,학교,,2,Talk_2026.9.15 11:45-5.txt,10136,1/18(일) 17:35 도착기차 포항역➡️한동대 택시 <PHONE> 캐리어 유무 알려주세요 (1/4),human_review_required,2+ known places and route/mode marker
omit_0309,2026-01-21,수,08:36,u1593,그할마,원룸촌,한동대,학교,,2,Talk_2026.9.15 11:45-5.txt,10275,8:42분 그할마-한동 택시 <PHONE>,human_review_required,2+ known places and route/mode marker
omit_0310,2026-01-23,금,07:48,u1593,그할마,원룸촌,한동대,학교,,2,Talk_2026.9.15 11:45-5.txt,10357,8:40분 그할마-한동 택시 <PHONE>,human_review_required,2+ known places and route/mode marker
omit_0311,2026-01-25,일,11:08,u2073,포항역,포항역,한동대,학교,,2,Talk_2026.9.15 11:45-5.txt,10422,1/25(일) 18:44 도착기차 포항역➡️한동대 택시 <PHONE> (1/4) 캐리어 유무 알려주세요,human_review_required,2+ known places and route/mode marker
omit_0312,2026-02-02,월,07:38,u1593,그할마,원룸촌,한동대,학교,,2,Talk_2026.9.15 11:45-5.txt,10669,8:40분 그할마-한동 택시팟 <PHONE>/4,human_review_required,2+ known places and route/mode marker
omit_0313,2026-02-08,일,09:30,u2073,포항역,포항역,한동대,학교,,2,Talk_2026.9.15 11:45-5.txt,10804,2/8(일) 17:35 도착기차 포항역➡️한동대 택시 (1/4) <PHONE> 캐리어 유무 알려주세요,human_review_required,2+ known places and route/mode marker
omit_0314,2026-02-08,일,15:08,u2073,포항역,포항역,한동대,학교,,2,Talk_2026.9.15 11:45-5.txt,10837,2/8(일) 17:35 도착기차 포항역➡️한동대 택시 <PHONE> 캐리어 불가 (2/4),human_review_required,2+ known places and route/mode marker
omit_0315,2026-02-25,수,09:30,u0140,유야,원룸촌,한동대,학교,,2,Talk_2026.9.15 11:45-5.txt,11652,9:45 유야>한동 택시 <PHONE>,human_review_required,2+ known places and route/mode marker
omit_0316,2026-03-01,일,17:23,u1532,한동대,학교,양덕,원룸촌,,2,Talk_2026.9.15 11:45-5.txt,12366,오늘 5:45 한동 > 농협 양덕지점 <PHONE>,human_review_required,2+ known places and route/mode marker
omit_0317,2026-03-01,일,17:33,u2067,포항역,포항역,한동대,학교,,2,Talk_2026.9.15 11:45-5.txt,12373,3/2(월) 포항역-한동 17:40(17:35 도착 기차) 카풀 1500원 톡방 정원 7명 <URL>,human_review_required,2+ known places and route/mode marker
omit_0318,2026-03-02,월,11:25,u2067,포항역,포항역,한동대,학교,,2,Talk_2026.9.15 11:45-5.txt,12570,3/2(월) 포항역-한동 17:40(17:35 도착 기차) 카풀 1500원 톡방 정원 7명 <URL>,human_review_required,2+ known places and route/mode marker
omit_0319,2026-03-02,월,16:38,u2067,포항역,포항역,한동대,학교,,2,Talk_2026.9.15 11:45-5.txt,12641,3/2(월) 포항역-한동 17:40(17:35 도착 기차) 카풀 1500원 1명 <URL>,human_review_required,2+ known places and route/mode marker
omit_0320,2026-03-06,금,11:26,u0142,한동대,학교,포항역,포항역,,2,Talk_2026.9.15 11:45-5.txt,13527,3/6(금) 택시 16:50 (17:20 기차) 한동 > 포항역 <PHONE>,human_review_required,2+ known places and route/mode marker
omit_0321,2026-03-06,금,16:40,u2073,한동대,학교,포항역,포항역,택정,3,Talk_2026.9.15 11:45-5.txt,13656,3/7(토) 12:10 (12:46 출발기차) 한동대(택정)➡️포항역 택시 (1/4) 캐리어 유무 알려주세요 <URL>,human_review_required,2+ known places and route/mode marker
omit_0322,2026-03-07,토,22:48,u2067,포항역,포항역,유야,원룸촌,한동대,3,Talk_2026.9.15 11:45-5.txt,14016,3/8(일) 포항역-한동-유야 17:10(17:04 도착 기차) 1500원 카풀 톡방 정원 7명 <URL>,human_review_required,2+ known places and route/mode marker
omit_0323,2026-03-08,일,14:16,u2073,포항역,포항역,한동대,학교,,2,Talk_2026.9.15 11:45-5.txt,14095,3/8(일) 15:32 도착기차 포항역➡️한동대 택시 캐리어 유무 알려주세요 (1/4) <URL>,human_review_required,2+ known places and route/mode marker
omit_0324,2026-03-11,수,09:03,u0579,오석,학교,야멍,원룸촌,,2,Talk_2026.9.15 11:45-5.txt,14801,9:35 투다리-오석 카풀 🚫야멍은 주정차 금지 구역이라 승하차 불가합니다. <URL>,human_review_required,2+ known places and route/mode marker
omit_0325,2026-03-18,수,09:22,u0579,오석,학교,야멍,원룸촌,,2,Talk_2026.9.15 11:45-5.txt,17045,9:35 투다리-오석 카풀 🚫야멍은 주정차 금지 구역이라 승하차 불가합니다. 굿모닝 카풀☀️🚗 <URL>,human_review_required,2+ known places and route/mode marker
omit_0326,2026-03-19,목,16:10,u2067,한동대,학교,유야,원룸촌,포항역,3,Talk_2026.9.15 11:45-5.txt,17403,3/20(금) 한동-포항역(유야에서도 탑승가능합니다) 21:00 카풀(21:36 출발 기차) 톡방 정원 7명 <URL>,human_review_required,2+ known places and route/mode marker
omit_0327,2026-03-20,금,02:26,u1063,한동대,학교,포항역,포항역,,2,Talk_2026.9.15 11:45-5.txt,17585,3/20 (금) 17:20 (18:00 기차) 한동대➡️포항역 <PHONE>/4,human_review_required,2+ known places and route/mode marker
omit_0328,2026-03-20,금,09:04,u0579,오석,학교,야멍,원룸촌,,2,Talk_2026.9.15 11:45-5.txt,17650,9:35 투다리-오석 카풀 🚫야멍은 주정차 금지 구역이라 승하차 불가합니다. 굿모닝 카풀☀️🚗 <URL>,human_review_required,2+ known places and route/mode marker
omit_0329,2026-03-20,금,14:56,u2067,한동대,학교,유야,원룸촌,포항역,3,Talk_2026.9.15 11:45-5.txt,17909,3/20(금) 한동-포항역(유야에서도 탑승가능합니다) 21:00 카풀(21:36 출발 기차) 톡방 정원 7명 <URL>,human_review_required,2+ known places and route/mode marker
omit_0330,2026-03-23,월,00:21,u1063,포항역,포항역,한동대,학교,,2,Talk_2026.9.15 11:45-5.txt,18873,3/23 (월) 9:09 도착 기차 포항역➡️한동대 <PHONE>/4 캐리어 마감,human_review_required,2+ known places and route/mode marker
omit_0331,2026-03-23,월,08:43,u0955,포항역,포항역,한동대,학교,,2,Talk_2026.9.15 11:45-5.txt,18926,3/23 (월) 9:09 도착 기차 포항역➡️한동대 <PHONE>,human_review_required,2+ known places and route/mode marker
omit_0332,2026-03-24,화,09:17,u0579,오석,학교,야멍,원룸촌,,2,Talk_2026.9.15 11:45-5.txt,19211,9:35 투다리-오석 카풀 🚫야멍은 주정차 금지 구역이라 승하차 불가합니다. 굿모닝 카풀☀️🚗 <URL>,human_review_required,2+ known places and route/mode marker
omit_0333,2026-03-31,화,09:25,u0579,오석,학교,야멍,원룸촌,,2,Talk_2026.9.15 11:45-5.txt,21441,09:35 리바트-오석 🚫야멍은 주정차 금지 구역이라 승하차 불가합니다. 톡방 들어오시면 승하차지 말씀해주세요 :) 굿모닝 카풀☀️🚗 <URL>,human_review_required,2+ known places and route/mode marker
omit_0334,2026-04-03,금,09:21,u0579,오석,학교,야멍,원룸촌,,2,Talk_2026.9.15 11:45-5.txt,22349,09:35 리바트-오석 🚫야멍은 주정차 금지 구역이라 승하차 불가합니다. 톡방 들어오시면 승하차지 말씀해주세요 :) 굿모닝 카풀☀️🚗 <URL>,human_review_required,2+ known places and route/mode marker
omit_0335,2026-04-04,토,21:53,u1217,양덕,원룸촌,학교,학교,,2,Talk_2026.9.15 11:45-5.txt,23071,4.5(일) 20:20 역삼역 - 포항(양덕/학교) 15000원 <PHONE>,human_review_required,2+ known places and route/mode marker
omit_0336,2026-04-10,금,11:52,u0142,한동대,학교,포항역,포항역,,2,Talk_2026.9.15 11:45-5.txt,24814,4/10(금) 택시 16:50 (17:20 기차) 한동 > 포항역 <PHONE>,human_review_required,2+ known places and route/mode marker
omit_0337,2026-04-10,금,13:20,u0662,한동대,학교,포항역,포항역,,2,Talk_2026.9.15 11:45-5.txt,24861,4/10(금) 택시 13:30 (14:00 기차) 한동 > 포항역 <PHONE>,human_review_required,2+ known places and route/mode marker
omit_0338,2026-04-10,금,14:15,u0101,유야,원룸촌,포항역,포항역,,2,Talk_2026.9.15 11:45-5.txt,24891,20:15 유야 》포항역 택시 <PHONE>,human_review_required,2+ known places and route/mode marker
omit_0339,2026-04-14,화,17:39,u0863,한동대,학교,궁물촌,원룸촌,,2,Talk_2026.9.15 11:45-5.txt,26138,18:00 한동 > 궁물촌 <URL>,human_review_required,2+ known places and route/mode marker
omit_0340,2026-04-15,수,00:22,u0101,오흡,학교,그할마,원룸촌,,2,Talk_2026.9.15 11:45-5.txt,26203,02:40 택시팟 오흡 》그할마 <PHONE>,human_review_required,2+ known places and route/mode marker
omit_0341,2026-04-20,월,10:53,u1043,그할마,원룸촌,느헴,학교,,2,Talk_2026.9.15 11:45-5.txt,27525,12:40 gs(그할마) - 느헴 중간 승하차 가능 톡방 정원 6명 <URL>,human_review_required,2+ known places and route/mode marker
omit_0342,2026-04-22,수,14:30,u0579,오석,학교,야멍,원룸촌,,2,Talk_2026.9.15 11:45-5.txt,27968,14:45 투다리-오석 🚫야멍은 주정차 금지 구역이라 승하차 불가합니다. 굿모닝 카풀☀️🚗 <URL>,human_review_required,2+ known places and route/mode marker
omit_0343,2026-04-26,일,20:08,u0661,포항터미널,터미널,한동대,학교,,2,Talk_2026.9.15 11:45-5.txt,29635,4/26(일) 9:50 출발 택시 포항터미널 —> 한동 <PHONE>,human_review_required,2+ known places and route/mode marker
omit_0344,2026-04-29,수,10:37,u1415,한동대,학교,포항역,포항역,,2,Talk_2026.9.15 11:45-6.txt,123,4/30 목 한동 > 포항역 15:00 출발 <PHONE>/4,human_review_required,2+ known places and route/mode marker
omit_0345,2026-04-29,수,12:19,u1196,유야,원룸촌,현동,학교,,2,Talk_2026.9.15 11:45-6.txt,167,12:40 유야-현동-올네 카풀 <URL>,human_review_required,2+ known places and route/mode marker
omit_0346,2026-04-29,수,16:48,u1415,한동대,학교,포항역,포항역,,2,Talk_2026.9.15 11:45-6.txt,260,4/30 목 한동 > 포항역 15:00 출발 <PHONE>/4,human_review_required,2+ known places and route/mode marker
omit_0347,2026-04-29,수,17:25,u0714,한동대,학교,포항역,포항역,,2,Talk_2026.9.15 11:45-6.txt,275,4/29 수 한동 > 포항역 17:50 출발 (18:31 기차) <PHONE>,human_review_required,2+ known places and route/mode marker
omit_0348,2026-04-30,목,14:48,u1532,한동대,학교,포항역,포항역,,2,Talk_2026.9.15 11:45-6.txt,968,5/1 (금) 한동 > 포항역 12:10 출발 (12:46 기차🚝) <PHONE>,human_review_required,2+ known places and route/mode marker
omit_0349,2026-05-01,금,12:20,u1310,한동대,학교,포항역,포항역,택정,3,Talk_2026.9.15 11:45-6.txt,1629,5/1(금) 17:50 한동(갈상>택정) > 포항역 <PHONE> 캐리어 여부 알려주세요,human_review_required,2+ known places and route/mode marker
omit_0350,2026-05-02,토,23:00,u0968,양덕,원룸촌,궁물촌,원룸촌,,2,Talk_2026.9.15 11:45-6.txt,2020,오후 11:15 택시정류장>양덕 궁물촌 <PHONE>,human_review_required,2+ known places and route/mode marker
omit_0351,2026-05-11,월,09:34,u0579,오석,학교,야멍,원룸촌,,2,Talk_2026.9.15 11:45-6.txt,5355,09:40 투다리-오석 🚫야멍은 주정차 금지 구역이라 승하차 불가합니다. 굿모닝 카풀☀️🚗 <URL>,human_review_required,2+ known places and route/mode marker
omit_0352,2026-05-11,월,16:45,u1923,한동대,학교,시외버스터미널,터미널,,2,Talk_2026.9.15 11:45-6.txt,5435,안녕하세요 혹시 5월 22일 3시 50분에 한동대에서 포항시외버스터미널까지 같이 택시로 이동하실 분 있으실까요? <PHONE>로 연락 부탁드립니다!,human_review_required,2+ known places and route/mode marker
omit_0353,2026-05-15,금,13:18,u0821,오흡,학교,궁물촌,원룸촌,,2,Talk_2026.9.15 11:45-6.txt,6375,14: 20 오흡 - 투다리 (궁물촌 하차 가능) <URL>,human_review_required,2+ known places and route/mode marker
omit_0354,2026-06-02,화,08:43,u1196,유야,원룸촌,현동,학교,,2,Talk_2026.9.15 11:45-6.txt,12138,09:20 유야-현동-올네 카풀 <URL>,human_review_required,2+ known places and route/mode marker
omit_0355,2026-06-05,금,12:19,u1196,유야,원룸촌,현동,학교,,2,Talk_2026.9.15 11:45-6.txt,13052,12:40 유야-현동-올네 카풀 <URL>,human_review_required,2+ known places and route/mode marker
omit_0356,2026-06-09,화,17:54,u0026,한동대,학교,학교,학교,,2,Talk_2026.9.15 11:45-6.txt,14087,"📢 칠포재즈페스티벌 택시 동행 모집합니다! 제20회 칠포재즈페스티벌(6월 14일 일요일)에 함께 하실 분을 모집합니다. 저 포함 총 4인 기준으로 택시 이용 예정입니다. 🗓 일시 : 6월 14일(일) 🚕 출발 : 15:00 한동대학교 택시정류장 📍 목적지 : 칠포해수욕장 (차로 약 15~20분) 👥 모집 인원 : 3명 (본인 포함 총 4인) 💰 예상 비용 : 왕복 택시비 1인당 약 5,000원 🎵 공연 라인업 (6.14 일요일) • 16:00 소울딜리버리 • 17:00 김오키 럽럽 with 아라 • 18:00 블루 스윙 • 19:00 선우정아 • 20:00 테오 크로커 • 21:00 정재형 💬 기타 안내 • 왕복 택시비는 인원수대로 n빵 예정입니다. • 귀가 시간은 원하시는 공연 일정에 따라 유동적으로 조율할 예정입니다. • 공연 전 편의점 간식 픽업 후 출발할 예정이니 여유롭게 모여 주세요. 관심 있으신 분은 댓글 또는 인스타 DM 주세요 🙌 📩 Instagram : @mylife_seok",human_review_required,2+ known places and route/mode marker
omit_0357,2026-07-01,수,08:35,u0381,그할마,원룸촌,느헴,학교,,2,Talk_2026.9.15 11:45-6.txt,17710,9:00 택시 그할마 cu> 느헤미야 <PHONE>,human_review_required,2+ known places and route/mode marker
omit_0358,2026-07-15,수,23:29,u0725,포항역,포항역,한동대,학교,,2,Talk_2026.9.15 11:45-6.txt,18764,7/16 목 (13:13 도착 기차) 포항역 >>>한동 <PHONE> (1/4),human_review_required,2+ known places and route/mode marker
omit_0359,2026-08-17,월,12:48,u1217,터미널,터미널,학교,학교,양덕,3,Talk_2026.9.15 11:45-6.txt,19747,"오늘 저녁 8시 서울고속터미널 - 포항 (양덕, 학교) <PHONE>만원 3명받습니다",human_review_required,2+ known places and route/mode marker
omit_0360,2026-08-29,토,15:26,u1026,포항역,포항역,한동대,학교,,2,Talk_2026.9.15 11:45-6.txt,20650,8/29 (토) 15:32 도착 기차🚅 포항역 > 한동 <URL>,human_review_required,2+ known places and route/mode marker
omit_0361,2026-09-11,금,11:06,u1532,한동대,학교,포항역,포항역,,2,Talk_2026.9.15 11:45-6.txt,24289,9/11 (금) 오늘 13:20 (14:03 기차🚝) 한동 > 포항역 <PHONE>,human_review_required,2+ known places and route/mode marker
